{
  "max_time": 40.0,
  "delta_mean": 7.777777777777778,
  "delta_std": 4.15739709641549,
  "rest_mean": 2.0,
  "rest_std": 1.0
}