{
  "max_time": 4080.0,
  "delta_mean": 5.889550029064039,
  "delta_std": 7.291769770725019,
  "rest_mean": 2.4517135620117188,
  "rest_std": 2.28574538230896
}