{
  "max_time": 2880.0,
  "delta_mean": 5.734671865925495,
  "delta_std": 7.125753372379063
}