{
  "max_time": 30.0,
  "delta_mean": 7.142857142857143,
  "delta_std": 4.517539514526256
}