{
  "max_time": 3480.0,
  "delta_mean": 5.982251585502008,
  "delta_std": 7.3473813690757295,
  "rest_mean": 2.345346450805664,
  "rest_std": 1.9214396476745605
}