{
  "max_time": 2880.0,
  "delta_mean": 5.762561138283681,
  "delta_std": 7.179113139698031
}