nohup: ignoring input
2026-09-23 03:51:10.792840: I tensorflow/core/util/port.cc:153] oneDNN custom operations are on. You may see slightly different numerical results due to floating-point round-off errors from different computation orders. To turn them off, set the environment variable `TF_ENABLE_ONEDNN_OPTS=0`.
2026-09-23 03:51:12.365377: I tensorflow/core/platform/cpu_feature_guard.cc:210] This TensorFlow binary is optimized to use available CPU instructions in performance-critical operations.
To enable the following instructions: AVX2 AVX512F AVX512_VNNI AVX512_BF16 FMA, in other operations, rebuild TensorFlow with the appropriate compiler flags.
2026-09-23 03:51:21.016049: I tensorflow/core/util/port.cc:153] oneDNN custom operations are on. You may see slightly different numerical results due to floating-point round-off errors from different computation orders. To turn them off, set the environment variable `TF_ENABLE_ONEDNN_OPTS=0`.
WARNING: All log messages before absl::InitializeLog() is called are written to STDERR
I0000 00:00:1790136755.534451  277498 gpu_device.cc:2020] Created device /job:localhost/replica:0/task:0/device:GPU:0 with 43500 MB memory:  -> device: 0, name: NVIDIA L40S, pci bus id: 0000:84:00.0, compute capability: 8.9
2026-09-23 04:12:42.222275: E tensorflow/core/util/util.cc:131] oneDNN supports DT_HALF only on platforms with AVX-512. Falling back to the default Eigen-based implementation if present.

======================================================================
[retrain] subset heads ['event_time', 'event_time_cond', 'player', 'shot_type', 'shot_result', 'assist_type', 'turnover_type', 'foul_type', 'rebound_type', 'timeout_team', 'substitution', 'sub_decision']
[retrain]   -> 4274 games, every head
======================================================================
[retrain] 'event_time' only -> ./artifacts/version3.2/event_time (other heads left in place)
[retrain] batch 64
Preprocessed 4274 train / 3167 test / 700 holdout games -> data/processed (SEQ=600)

======================================================================
[stage] training 'event_time' (fresh init, batch 64)
======================================================================
Training on GPU x1
Model: "EventTimeModel"
┏━━━━━━━━━━━━━━━━━━━━━┳━━━━━━━━━━━━━━━━━━━┳━━━━━━━━━━━━┳━━━━━━━━━━━━━━━━━━━┓
┃ Layer (type)        ┃ Output Shape      ┃    Param # ┃ Connected to      ┃
┡━━━━━━━━━━━━━━━━━━━━━╇━━━━━━━━━━━━━━━━━━━╇━━━━━━━━━━━━╇━━━━━━━━━━━━━━━━━━━┩
│ prior_home          │ (None, 600, 5,    │          0 │ -                 │
│ (InputLayer)        │ 17)               │            │                   │
├─────────────────────┼───────────────────┼────────────┼───────────────────┤
│ prior_away          │ (None, 600, 5,    │          0 │ -                 │
│ (InputLayer)        │ 17)               │            │                   │
├─────────────────────┼───────────────────┼────────────┼───────────────────┤
│ event (InputLayer)  │ (None, 600)       │          0 │ -                 │
├─────────────────────┼───────────────────┼────────────┼───────────────────┤
│ player (InputLayer) │ (None, 600)       │          0 │ -                 │
├─────────────────────┼───────────────────┼────────────┼───────────────────┤
│ type (InputLayer)   │ (None, 600)       │          0 │ -                 │
├─────────────────────┼───────────────────┼────────────┼───────────────────┤
│ result (InputLayer) │ (None, 600)       │          0 │ -                 │
├─────────────────────┼───────────────────┼────────────┼───────────────────┤
│ season (InputLayer) │ (None, 600)       │          0 │ -                 │
├─────────────────────┼───────────────────┼────────────┼───────────────────┤
│ secondary_player    │ (None, 600)       │          0 │ -                 │
│ (InputLayer)        │                   │            │                   │
├─────────────────────┼───────────────────┼────────────┼───────────────────┤
│ home_roster         │ (None, 600, 5)    │          0 │ -                 │
│ (InputLayer)        │                   │            │                   │
├─────────────────────┼───────────────────┼────────────┼───────────────────┤
│ rest_home           │ (None, 600, 5)    │          0 │ -                 │
│ (InputLayer)        │                   │            │                   │
├─────────────────────┼───────────────────┼────────────┼───────────────────┤
│ stint_seconds_home  │ (None, 600, 5)    │          0 │ -                 │
│ (InputLayer)        │                   │            │                   │
├─────────────────────┼───────────────────┼────────────┼───────────────────┤
│ played_seconds_home │ (None, 600, 5)    │          0 │ -                 │
│ (InputLayer)        │                   │            │                   │
├─────────────────────┼───────────────────┼────────────┼───────────────────┤
│ court_fouls_home    │ (None, 600, 5)    │          0 │ -                 │
│ (InputLayer)        │                   │            │                   │
├─────────────────────┼───────────────────┼────────────┼───────────────────┤
│ unstack (Unstack)   │ [(None, 600, 5),  │          0 │ prior_home[0][0]  │
│                     │ (None, 600, 5),   │            │                   │
│                     │ (None, 600, 5),   │            │                   │
│                     │ (None, 600, 5),   │            │                   │
│                     │ (None, 600, 5),   │            │                   │
│                     │ (None, 600, 5),   │            │                   │
│                     │ (None, 600, 5),   │            │                   │
│                     │ (None, 600, 5),   │            │                   │
│                     │ (None, 600, 5),   │            │                   │
│                     │ (None, 600, 5),   │            │                   │
│                     │ (None, 600, 5),   │            │                   │
│                     │ (None, 600, 5),   │            │                   │
│                     │ (None, 600, 5),   │            │                   │
│                     │ (None, 600, 5),   │            │                   │
│                     │ (None, 600, 5),   │            │                   │
│                     │ (None, 600, 5),   │            │                   │
│                     │ (None, 600, 5)]   │            │                   │
├─────────────────────┼───────────────────┼────────────┼───────────────────┤
│ away_roster         │ (None, 600, 5)    │          0 │ -                 │
│ (InputLayer)        │                   │            │                   │
├─────────────────────┼───────────────────┼────────────┼───────────────────┤
│ rest_away           │ (None, 600, 5)    │          0 │ -                 │
│ (InputLayer)        │                   │            │                   │
├─────────────────────┼───────────────────┼────────────┼───────────────────┤
│ stint_seconds_away  │ (None, 600, 5)    │          0 │ -                 │
│ (InputLayer)        │                   │            │                   │
├─────────────────────┼───────────────────┼────────────┼───────────────────┤
│ played_seconds_away │ (None, 600, 5)    │          0 │ -                 │
│ (InputLayer)        │                   │            │                   │
├─────────────────────┼───────────────────┼────────────┼───────────────────┤
│ court_fouls_away    │ (None, 600, 5)    │          0 │ -                 │
│ (InputLayer)        │                   │            │                   │
├─────────────────────┼───────────────────┼────────────┼───────────────────┤
│ unstack_1 (Unstack) │ [(None, 600, 5),  │          0 │ prior_away[0][0]  │
│                     │ (None, 600, 5),   │            │                   │
│                     │ (None, 600, 5),   │            │                   │
│                     │ (None, 600, 5),   │            │                   │
│                     │ (None, 600, 5),   │            │                   │
│                     │ (None, 600, 5),   │            │                   │
│                     │ (None, 600, 5),   │            │                   │
│                     │ (None, 600, 5),   │            │                   │
│                     │ (None, 600, 5),   │            │                   │
│                     │ (None, 600, 5),   │            │                   │
│                     │ (None, 600, 5),   │            │                   │
│                     │ (None, 600, 5),   │            │                   │
│                     │ (None, 600, 5),   │            │                   │
│                     │ (None, 600, 5),   │            │                   │
│                     │ (None, 600, 5),   │            │                   │
│                     │ (None, 600, 5),   │            │                   │
│                     │ (None, 600, 5)]   │            │                   │
├─────────────────────┼───────────────────┼────────────┼───────────────────┤
│ time_abs            │ (None, 600, 1)    │          0 │ -                 │
│ (InputLayer)        │                   │            │                   │
├─────────────────────┼───────────────────┼────────────┼───────────────────┤
│ delta_time          │ (None, 600, 1)    │          0 │ -                 │
│ (InputLayer)        │                   │            │                   │
├─────────────────────┼───────────────────┼────────────┼───────────────────┤
│ home_games_played   │ (None, 600, 1)    │          0 │ -                 │
│ (InputLayer)        │                   │            │                   │
├─────────────────────┼───────────────────┼────────────┼───────────────────┤
│ away_games_played   │ (None, 600, 1)    │          0 │ -                 │
│ (InputLayer)        │                   │            │                   │
├─────────────────────┼───────────────────┼────────────┼───────────────────┤
│ home_days_rest      │ (None, 600, 1)    │          0 │ -                 │
│ (InputLayer)        │                   │            │                   │
├─────────────────────┼───────────────────┼────────────┼───────────────────┤
│ away_days_rest      │ (None, 600, 1)    │          0 │ -                 │
│ (InputLayer)        │                   │            │                   │
├─────────────────────┼───────────────────┼────────────┼───────────────────┤
│ score_diff          │ (None, 600, 1)    │          0 │ -                 │
│ (InputLayer)        │                   │            │                   │
├─────────────────────┼───────────────────┼────────────┼───────────────────┤
│ score_total         │ (None, 600, 1)    │          0 │ -                 │
│ (InputLayer)        │                   │            │                   │
├─────────────────────┼───────────────────┼────────────┼───────────────────┤
│ period_idx          │ (None, 600, 1)    │          0 │ -                 │
│ (InputLayer)        │                   │            │                   │
├─────────────────────┼───────────────────┼────────────┼───────────────────┤
│ period_time_left    │ (None, 600, 1)    │          0 │ -                 │
│ (InputLayer)        │                   │            │                   │
├─────────────────────┼───────────────────┼────────────┼───────────────────┤
│ team_fouls_home     │ (None, 600, 1)    │          0 │ -                 │
│ (InputLayer)        │                   │            │                   │
├─────────────────────┼───────────────────┼────────────┼───────────────────┤
│ team_fouls_away     │ (None, 600, 1)    │          0 │ -                 │
│ (InputLayer)        │                   │            │                   │
├─────────────────────┼───────────────────┼────────────┼───────────────────┤
│ poss_clock          │ (None, 600, 1)    │          0 │ -                 │
│ (InputLayer)        │                   │            │                   │
├─────────────────────┼───────────────────┼────────────┼───────────────────┤
│ running_pace        │ (None, 600, 1)    │          0 │ -                 │
│ (InputLayer)        │                   │            │                   │
├─────────────────────┼───────────────────┼────────────┼───────────────────┤
│ home_prior_net_rat… │ (None, 600, 1)    │          0 │ -                 │
│ (InputLayer)        │                   │            │                   │
├─────────────────────┼───────────────────┼────────────┼───────────────────┤
│ home_prior_pace     │ (None, 600, 1)    │          0 │ -                 │
│ (InputLayer)        │                   │            │                   │
├─────────────────────┼───────────────────┼────────────┼───────────────────┤
│ home_prior_off_rat… │ (None, 600, 1)    │          0 │ -                 │
│ (InputLayer)        │                   │            │                   │
├─────────────────────┼───────────────────┼────────────┼───────────────────┤
│ home_prior_def_rat… │ (None, 600, 1)    │          0 │ -                 │
│ (InputLayer)        │                   │            │                   │
├─────────────────────┼───────────────────┼────────────┼───────────────────┤
│ away_prior_net_rat… │ (None, 600, 1)    │          0 │ -                 │
│ (InputLayer)        │                   │            │                   │
├─────────────────────┼───────────────────┼────────────┼───────────────────┤
│ away_prior_pace     │ (None, 600, 1)    │          0 │ -                 │
│ (InputLayer)        │                   │            │                   │
├─────────────────────┼───────────────────┼────────────┼───────────────────┤
│ away_prior_off_rat… │ (None, 600, 1)    │          0 │ -                 │
│ (InputLayer)        │                   │            │                   │
├─────────────────────┼───────────────────┼────────────┼───────────────────┤
│ away_prior_def_rat… │ (None, 600, 1)    │          0 │ -                 │
│ (InputLayer)        │                   │            │                   │
├─────────────────────┼───────────────────┼────────────┼───────────────────┤
│ regime (InputLayer) │ (None, 600, 4)    │          0 │ -                 │
├─────────────────────┼───────────────────┼────────────┼───────────────────┤
│ emb_event           │ (None, 600, 32)   │        416 │ event[0][0]       │
│ (Embedding)         │                   │            │                   │
├─────────────────────┼───────────────────┼────────────┼───────────────────┤
│ emb_player          │ (None, 600, 192)  │    197,952 │ player[0][0],     │
│ (Embedding)         │                   │            │ secondary_player… │
├─────────────────────┼───────────────────┼────────────┼───────────────────┤
│ emb_type            │ (None, 600, 32)   │      1,344 │ type[0][0]        │
│ (Embedding)         │                   │            │                   │
├─────────────────────┼───────────────────┼────────────┼───────────────────┤
│ emb_result          │ (None, 600, 16)   │        288 │ result[0][0]      │
│ (Embedding)         │                   │            │                   │
├─────────────────────┼───────────────────┼────────────┼───────────────────┤
│ emb_season          │ (None, 600, 16)   │        240 │ season[0][0]      │
│ (Embedding)         │                   │            │                   │
├─────────────────────┼───────────────────┼────────────┼───────────────────┤
│ roster_vec          │ [(None, 600,      │    863,488 │ home_roster[0][0… │
│ (CrossSequenceRost… │ 128), (None, 600, │            │ rest_home[0][0],  │
│                     │ 128)]             │            │ stint_seconds_ho… │
│                     │                   │            │ played_seconds_h… │
│                     │                   │            │ court_fouls_home… │
│                     │                   │            │ unstack[0][0],    │
│                     │                   │            │ unstack[0][1],    │
│                     │                   │            │ unstack[0][2],    │
│                     │                   │            │ unstack[0][3],    │
│                     │                   │            │ unstack[0][4],    │
│                     │                   │            │ unstack[0][5],    │
│                     │                   │            │ unstack[0][6],    │
│                     │                   │            │ unstack[0][7],    │
│                     │                   │            │ unstack[0][8],    │
│                     │                   │            │ unstack[0][9],    │
│                     │                   │            │ unstack[0][10],   │
│                     │                   │            │ unstack[0][11],   │
│                     │                   │            │ unstack[0][12],   │
│                     │                   │            │ unstack[0][13],   │
│                     │                   │            │ unstack[0][14],   │
│                     │                   │            │ unstack[0][15],   │
│                     │                   │            │ unstack[0][16],   │
│                     │                   │            │ away_roster[0][0… │
│                     │                   │            │ rest_away[0][0],  │
│                     │                   │            │ stint_seconds_aw… │
│                     │                   │            │ played_seconds_a… │
│                     │                   │            │ court_fouls_away… │
│                     │                   │            │ unstack_1[0][0],  │
│                     │                   │            │ unstack_1[0][1],  │
│                     │                   │            │ unstack_1[0][2],  │
│                     │                   │            │ unstack_1[0][3],  │
│                     │                   │            │ unstack_1[0][4],  │
│                     │                   │            │ unstack_1[0][5],  │
│                     │                   │            │ unstack_1[0][6],  │
│                     │                   │            │ unstack_1[0][7],  │
│                     │                   │            │ unstack_1[0][8],  │
│                     │                   │            │ unstack_1[0][9],  │
│                     │                   │            │ unstack_1[0][10], │
│                     │                   │            │ unstack_1[0][11], │
│                     │                   │            │ unstack_1[0][12], │
│                     │                   │            │ unstack_1[0][13], │
│                     │                   │            │ unstack_1[0][14], │
│                     │                   │            │ unstack_1[0][15], │
│                     │                   │            │ unstack_1[0][16]  │
├─────────────────────┼───────────────────┼────────────┼───────────────────┤
│ time_abs_proj       │ (None, 600, 16)   │         32 │ time_abs[0][0]    │
│ (Dense)             │                   │            │                   │
├─────────────────────┼───────────────────┼────────────┼───────────────────┤
│ delta_time_proj     │ (None, 600, 16)   │         32 │ delta_time[0][0]  │
│ (Dense)             │                   │            │                   │
├─────────────────────┼───────────────────┼────────────┼───────────────────┤
│ home_games_played_… │ (None, 600, 16)   │         32 │ home_games_playe… │
│ (Dense)             │                   │            │                   │
├─────────────────────┼───────────────────┼────────────┼───────────────────┤
│ away_games_played_… │ (None, 600, 16)   │         32 │ away_games_playe… │
│ (Dense)             │                   │            │                   │
├─────────────────────┼───────────────────┼────────────┼───────────────────┤
│ home_days_rest_proj │ (None, 600, 16)   │         32 │ home_days_rest[0… │
│ (Dense)             │                   │            │                   │
├─────────────────────┼───────────────────┼────────────┼───────────────────┤
│ away_days_rest_proj │ (None, 600, 16)   │         32 │ away_days_rest[0… │
│ (Dense)             │                   │            │                   │
├─────────────────────┼───────────────────┼────────────┼───────────────────┤
│ score_diff_proj     │ (None, 600, 16)   │         32 │ score_diff[0][0]  │
│ (Dense)             │                   │            │                   │
├─────────────────────┼───────────────────┼────────────┼───────────────────┤
│ score_total_proj    │ (None, 600, 16)   │         32 │ score_total[0][0] │
│ (Dense)             │                   │            │                   │
├─────────────────────┼───────────────────┼────────────┼───────────────────┤
│ period_idx_proj     │ (None, 600, 16)   │         32 │ period_idx[0][0]  │
│ (Dense)             │                   │            │                   │
├─────────────────────┼───────────────────┼────────────┼───────────────────┤
│ period_time_left_p… │ (None, 600, 16)   │         32 │ period_time_left… │
│ (Dense)             │                   │            │                   │
├─────────────────────┼───────────────────┼────────────┼───────────────────┤
│ team_fouls_home_pr… │ (None, 600, 16)   │         32 │ team_fouls_home[… │
│ (Dense)             │                   │            │                   │
├─────────────────────┼───────────────────┼────────────┼───────────────────┤
│ team_fouls_away_pr… │ (None, 600, 16)   │         32 │ team_fouls_away[… │
│ (Dense)             │                   │            │                   │
├─────────────────────┼───────────────────┼────────────┼───────────────────┤
│ poss_clock_proj     │ (None, 600, 16)   │         32 │ poss_clock[0][0]  │
│ (Dense)             │                   │            │                   │
├─────────────────────┼───────────────────┼────────────┼───────────────────┤
│ running_pace_proj   │ (None, 600, 16)   │         32 │ running_pace[0][… │
│ (Dense)             │                   │            │                   │
├─────────────────────┼───────────────────┼────────────┼───────────────────┤
│ home_prior_net_rat… │ (None, 600, 16)   │         32 │ home_prior_net_r… │
│ (Dense)             │                   │            │                   │
├─────────────────────┼───────────────────┼────────────┼───────────────────┤
│ home_prior_pace_pr… │ (None, 600, 16)   │         32 │ home_prior_pace[… │
│ (Dense)             │                   │            │                   │
├─────────────────────┼───────────────────┼────────────┼───────────────────┤
│ home_prior_off_rat… │ (None, 600, 16)   │         32 │ home_prior_off_r… │
│ (Dense)             │                   │            │                   │
├─────────────────────┼───────────────────┼────────────┼───────────────────┤
│ home_prior_def_rat… │ (None, 600, 16)   │         32 │ home_prior_def_r… │
│ (Dense)             │                   │            │                   │
├─────────────────────┼───────────────────┼────────────┼───────────────────┤
│ away_prior_net_rat… │ (None, 600, 16)   │         32 │ away_prior_net_r… │
│ (Dense)             │                   │            │                   │
├─────────────────────┼───────────────────┼────────────┼───────────────────┤
│ away_prior_pace_pr… │ (None, 600, 16)   │         32 │ away_prior_pace[… │
│ (Dense)             │                   │            │                   │
├─────────────────────┼───────────────────┼────────────┼───────────────────┤
│ away_prior_off_rat… │ (None, 600, 16)   │         32 │ away_prior_off_r… │
│ (Dense)             │                   │            │                   │
├─────────────────────┼───────────────────┼────────────┼───────────────────┤
│ away_prior_def_rat… │ (None, 600, 16)   │         32 │ away_prior_def_r… │
│ (Dense)             │                   │            │                   │
├─────────────────────┼───────────────────┼────────────┼───────────────────┤
│ regime_proj (Dense) │ (None, 600, 16)   │         80 │ regime[0][0]      │
├─────────────────────┼───────────────────┼────────────┼───────────────────┤
│ fusion_concat       │ (None, 600, 1104) │          0 │ emb_event[0][0],  │
│ (Concatenate)       │                   │            │ emb_player[0][0], │
│                     │                   │            │ emb_type[0][0],   │
│                     │                   │            │ emb_result[0][0], │
│                     │                   │            │ emb_season[0][0], │
│                     │                   │            │ emb_player[1][0], │
│                     │                   │            │ roster_vec[0][0], │
│                     │                   │            │ roster_vec[0][1], │
│                     │                   │            │ time_abs_proj[0]… │
│                     │                   │            │ delta_time_proj[… │
│                     │                   │            │ home_games_playe… │
│                     │                   │            │ away_games_playe… │
│                     │                   │            │ home_days_rest_p… │
│                     │                   │            │ away_days_rest_p… │
│                     │                   │            │ score_diff_proj[… │
│                     │                   │            │ score_total_proj… │
│                     │                   │            │ period_idx_proj[… │
│                     │                   │            │ period_time_left… │
│                     │                   │            │ team_fouls_home_… │
│                     │                   │            │ team_fouls_away_… │
│                     │                   │            │ poss_clock_proj[… │
│                     │                   │            │ running_pace_pro… │
│                     │                   │            │ home_prior_net_r… │
│                     │                   │            │ home_prior_pace_… │
│                     │                   │            │ home_prior_off_r… │
│                     │                   │            │ home_prior_def_r… │
│                     │                   │            │ away_prior_net_r… │
│                     │                   │            │ away_prior_pace_… │
│                     │                   │            │ away_prior_off_r… │
│                     │                   │            │ away_prior_def_r… │
│                     │                   │            │ regime_proj[0][0] │
├─────────────────────┼───────────────────┼────────────┼───────────────────┤
│ fusion_projection   │ (None, 600, 384)  │    424,320 │ fusion_concat[0]… │
│ (Dense)             │                   │            │                   │
├─────────────────────┼───────────────────┼────────────┼───────────────────┤
│ fusion_ln           │ (None, 600, 384)  │        768 │ fusion_projectio… │
│ (LayerNormalizatio… │                   │            │                   │
├─────────────────────┼───────────────────┼────────────┼───────────────────┤
│ positional_embeddi… │ (None, 600, 384)  │    230,400 │ fusion_ln[0][0]   │
│ (AddPositionalEmbe… │                   │            │                   │
├─────────────────────┼───────────────────┼────────────┼───────────────────┤
│ film_concat         │ (None, 600, 160)  │          0 │ emb_season[0][0], │
│ (Concatenate)       │                   │            │ home_prior_net_r… │
│                     │                   │            │ home_prior_pace_… │
│                     │                   │            │ home_prior_off_r… │
│                     │                   │            │ home_prior_def_r… │
│                     │                   │            │ away_prior_net_r… │
│                     │                   │            │ away_prior_pace_… │
│                     │                   │            │ away_prior_off_r… │
│                     │                   │            │ away_prior_def_r… │
│                     │                   │            │ regime_proj[0][0] │
├─────────────────────┼───────────────────┼────────────┼───────────────────┤
│ emb_dropout         │ (None, 600, 384)  │          0 │ positional_embed… │
│ (Dropout)           │                   │            │                   │
├─────────────────────┼───────────────────┼────────────┼───────────────────┤
│ film_ctx (Dense)    │ (None, 600, 64)   │     10,304 │ film_concat[0][0] │
├─────────────────────┼───────────────────┼────────────┼───────────────────┤
│ block0_ln1          │ (None, 600, 384)  │        768 │ emb_dropout[0][0] │
│ (LayerNormalizatio… │                   │            │                   │
├─────────────────────┼───────────────────┼────────────┼───────────────────┤
│ block0_film1_scale  │ (None, 600, 384)  │     24,960 │ film_ctx[0][0]    │
│ (Dense)             │                   │            │                   │
├─────────────────────┼───────────────────┼────────────┼───────────────────┤
│ block0_film1_mul    │ (None, 600, 384)  │          0 │ block0_ln1[0][0], │
│ (Multiply)          │                   │            │ block0_film1_sca… │
├─────────────────────┼───────────────────┼────────────┼───────────────────┤
│ block0_film1_shift  │ (None, 600, 384)  │     24,960 │ film_ctx[0][0]    │
│ (Dense)             │                   │            │                   │
├─────────────────────┼───────────────────┼────────────┼───────────────────┤
│ pad_mask            │ (None, 600)       │          0 │ -                 │
│ (InputLayer)        │                   │            │                   │
├─────────────────────┼───────────────────┼────────────┼───────────────────┤
│ block0_film1 (Add)  │ (None, 600, 384)  │          0 │ block0_ln1[0][0], │
│                     │                   │            │ block0_film1_mul… │
│                     │                   │            │ block0_film1_shi… │
├─────────────────────┼───────────────────┼────────────┼───────────────────┤
│ attn_pad_mask       │ (None, 8, 600,    │          0 │ pad_mask[0][0]    │
│ (BandedAttentionMa… │ 600)              │            │                   │
├─────────────────────┼───────────────────┼────────────┼───────────────────┤
│ block0_mha          │ (None, 600, 384)  │    591,360 │ block0_film1[0][… │
│ (MultiHeadAttentio… │                   │            │ block0_film1[0][… │
│                     │                   │            │ attn_pad_mask[0]… │
├─────────────────────┼───────────────────┼────────────┼───────────────────┤
│ block0_res1 (Add)   │ (None, 600, 384)  │          0 │ emb_dropout[0][0… │
│                     │                   │            │ block0_mha[0][0]  │
├─────────────────────┼───────────────────┼────────────┼───────────────────┤
│ block0_ln2          │ (None, 600, 384)  │        768 │ block0_res1[0][0] │
│ (LayerNormalizatio… │                   │            │                   │
├─────────────────────┼───────────────────┼────────────┼───────────────────┤
│ block0_film2_scale  │ (None, 600, 384)  │     24,960 │ film_ctx[0][0]    │
│ (Dense)             │                   │            │                   │
├─────────────────────┼───────────────────┼────────────┼───────────────────┤
│ block0_film2_mul    │ (None, 600, 384)  │          0 │ block0_ln2[0][0], │
│ (Multiply)          │                   │            │ block0_film2_sca… │
├─────────────────────┼───────────────────┼────────────┼───────────────────┤
│ block0_film2_shift  │ (None, 600, 384)  │     24,960 │ film_ctx[0][0]    │
│ (Dense)             │                   │            │                   │
├─────────────────────┼───────────────────┼────────────┼───────────────────┤
│ block0_film2 (Add)  │ (None, 600, 384)  │          0 │ block0_ln2[0][0], │
│                     │                   │            │ block0_film2_mul… │
│                     │                   │            │ block0_film2_shi… │
├─────────────────────┼───────────────────┼────────────┼───────────────────┤
│ block0_ff1 (Dense)  │ (None, 600, 1536) │    591,360 │ block0_film2[0][… │
├─────────────────────┼───────────────────┼────────────┼───────────────────┤
│ block0_ffdrop       │ (None, 600, 1536) │          0 │ block0_ff1[0][0]  │
│ (Dropout)           │                   │            │                   │
├─────────────────────┼───────────────────┼────────────┼───────────────────┤
│ block0_ff2 (Dense)  │ (None, 600, 384)  │    590,208 │ block0_ffdrop[0]… │
├─────────────────────┼───────────────────┼────────────┼───────────────────┤
│ block0_res2 (Add)   │ (None, 600, 384)  │          0 │ block0_res1[0][0… │
│                     │                   │            │ block0_ff2[0][0]  │
├─────────────────────┼───────────────────┼────────────┼───────────────────┤
│ block1_ln1          │ (None, 600, 384)  │        768 │ block0_res2[0][0] │
│ (LayerNormalizatio… │                   │            │                   │
├─────────────────────┼───────────────────┼────────────┼───────────────────┤
│ block1_film1_scale  │ (None, 600, 384)  │     24,960 │ film_ctx[0][0]    │
│ (Dense)             │                   │            │                   │
├─────────────────────┼───────────────────┼────────────┼───────────────────┤
│ block1_film1_mul    │ (None, 600, 384)  │          0 │ block1_ln1[0][0], │
│ (Multiply)          │                   │            │ block1_film1_sca… │
├─────────────────────┼───────────────────┼────────────┼───────────────────┤
│ block1_film1_shift  │ (None, 600, 384)  │     24,960 │ film_ctx[0][0]    │
│ (Dense)             │                   │            │                   │
├─────────────────────┼───────────────────┼────────────┼───────────────────┤
│ block1_film1 (Add)  │ (None, 600, 384)  │          0 │ block1_ln1[0][0], │
│                     │                   │            │ block1_film1_mul… │
│                     │                   │            │ block1_film1_shi… │
├─────────────────────┼───────────────────┼────────────┼───────────────────┤
│ block1_mha          │ (None, 600, 384)  │    591,360 │ block1_film1[0][… │
│ (MultiHeadAttentio… │                   │            │ block1_film1[0][… │
│                     │                   │            │ attn_pad_mask[0]… │
├─────────────────────┼───────────────────┼────────────┼───────────────────┤
│ block1_res1 (Add)   │ (None, 600, 384)  │          0 │ block0_res2[0][0… │
│                     │                   │            │ block1_mha[0][0]  │
├─────────────────────┼───────────────────┼────────────┼───────────────────┤
│ block1_ln2          │ (None, 600, 384)  │        768 │ block1_res1[0][0] │
│ (LayerNormalizatio… │                   │            │                   │
├─────────────────────┼───────────────────┼────────────┼───────────────────┤
│ block1_film2_scale  │ (None, 600, 384)  │     24,960 │ film_ctx[0][0]    │
│ (Dense)             │                   │            │                   │
├─────────────────────┼───────────────────┼────────────┼───────────────────┤
│ block1_film2_mul    │ (None, 600, 384)  │          0 │ block1_ln2[0][0], │
│ (Multiply)          │                   │            │ block1_film2_sca… │
├─────────────────────┼───────────────────┼────────────┼───────────────────┤
│ block1_film2_shift  │ (None, 600, 384)  │     24,960 │ film_ctx[0][0]    │
│ (Dense)             │                   │            │                   │
├─────────────────────┼───────────────────┼────────────┼───────────────────┤
│ block1_film2 (Add)  │ (None, 600, 384)  │          0 │ block1_ln2[0][0], │
│                     │                   │            │ block1_film2_mul… │
│                     │                   │            │ block1_film2_shi… │
├─────────────────────┼───────────────────┼────────────┼───────────────────┤
│ block1_ff1 (Dense)  │ (None, 600, 1536) │    591,360 │ block1_film2[0][… │
├─────────────────────┼───────────────────┼────────────┼───────────────────┤
│ block1_ffdrop       │ (None, 600, 1536) │          0 │ block1_ff1[0][0]  │
│ (Dropout)           │                   │            │                   │
├─────────────────────┼───────────────────┼────────────┼───────────────────┤
│ block1_ff2 (Dense)  │ (None, 600, 384)  │    590,208 │ block1_ffdrop[0]… │
├─────────────────────┼───────────────────┼────────────┼───────────────────┤
│ block1_res2 (Add)   │ (None, 600, 384)  │          0 │ block1_res1[0][0… │
│                     │                   │            │ block1_ff2[0][0]  │
├─────────────────────┼───────────────────┼────────────┼───────────────────┤
│ block2_ln1          │ (None, 600, 384)  │        768 │ block1_res2[0][0] │
│ (LayerNormalizatio… │                   │            │                   │
├─────────────────────┼───────────────────┼────────────┼───────────────────┤
│ block2_film1_scale  │ (None, 600, 384)  │     24,960 │ film_ctx[0][0]    │
│ (Dense)             │                   │            │                   │
├─────────────────────┼───────────────────┼────────────┼───────────────────┤
│ block2_film1_mul    │ (None, 600, 384)  │          0 │ block2_ln1[0][0], │
│ (Multiply)          │                   │            │ block2_film1_sca… │
├─────────────────────┼───────────────────┼────────────┼───────────────────┤
│ block2_film1_shift  │ (None, 600, 384)  │     24,960 │ film_ctx[0][0]    │
│ (Dense)             │                   │            │                   │
├─────────────────────┼───────────────────┼────────────┼───────────────────┤
│ block2_film1 (Add)  │ (None, 600, 384)  │          0 │ block2_ln1[0][0], │
│                     │                   │            │ block2_film1_mul… │
│                     │                   │            │ block2_film1_shi… │
├─────────────────────┼───────────────────┼────────────┼───────────────────┤
│ block2_mha          │ (None, 600, 384)  │    591,360 │ block2_film1[0][… │
│ (MultiHeadAttentio… │                   │            │ block2_film1[0][… │
│                     │                   │            │ attn_pad_mask[0]… │
├─────────────────────┼───────────────────┼────────────┼───────────────────┤
│ block2_res1 (Add)   │ (None, 600, 384)  │          0 │ block1_res2[0][0… │
│                     │                   │            │ block2_mha[0][0]  │
├─────────────────────┼───────────────────┼────────────┼───────────────────┤
│ block2_ln2          │ (None, 600, 384)  │        768 │ block2_res1[0][0] │
│ (LayerNormalizatio… │                   │            │                   │
├─────────────────────┼───────────────────┼────────────┼───────────────────┤
│ block2_film2_scale  │ (None, 600, 384)  │     24,960 │ film_ctx[0][0]    │
│ (Dense)             │                   │            │                   │
├─────────────────────┼───────────────────┼────────────┼───────────────────┤
│ block2_film2_mul    │ (None, 600, 384)  │          0 │ block2_ln2[0][0], │
│ (Multiply)          │                   │            │ block2_film2_sca… │
├─────────────────────┼───────────────────┼────────────┼───────────────────┤
│ block2_film2_shift  │ (None, 600, 384)  │     24,960 │ film_ctx[0][0]    │
│ (Dense)             │                   │            │                   │
├─────────────────────┼───────────────────┼────────────┼───────────────────┤
│ block2_film2 (Add)  │ (None, 600, 384)  │          0 │ block2_ln2[0][0], │
│                     │                   │            │ block2_film2_mul… │
│                     │                   │            │ block2_film2_shi… │
├─────────────────────┼───────────────────┼────────────┼───────────────────┤
│ block2_ff1 (Dense)  │ (None, 600, 1536) │    591,360 │ block2_film2[0][… │
├─────────────────────┼───────────────────┼────────────┼───────────────────┤
│ block2_ffdrop       │ (None, 600, 1536) │          0 │ block2_ff1[0][0]  │
│ (Dropout)           │                   │            │                   │
├─────────────────────┼───────────────────┼────────────┼───────────────────┤
│ block2_ff2 (Dense)  │ (None, 600, 384)  │    590,208 │ block2_ffdrop[0]… │
├─────────────────────┼───────────────────┼────────────┼───────────────────┤
│ block2_res2 (Add)   │ (None, 600, 384)  │          0 │ block2_res1[0][0… │
│                     │                   │            │ block2_ff2[0][0]  │
├─────────────────────┼───────────────────┼────────────┼───────────────────┤
│ block3_ln1          │ (None, 600, 384)  │        768 │ block2_res2[0][0] │
│ (LayerNormalizatio… │                   │            │                   │
├─────────────────────┼───────────────────┼────────────┼───────────────────┤
│ block3_film1_scale  │ (None, 600, 384)  │     24,960 │ film_ctx[0][0]    │
│ (Dense)             │                   │            │                   │
├─────────────────────┼───────────────────┼────────────┼───────────────────┤
│ block3_film1_mul    │ (None, 600, 384)  │          0 │ block3_ln1[0][0], │
│ (Multiply)          │                   │            │ block3_film1_sca… │
├─────────────────────┼───────────────────┼────────────┼───────────────────┤
│ block3_film1_shift  │ (None, 600, 384)  │     24,960 │ film_ctx[0][0]    │
│ (Dense)             │                   │            │                   │
├─────────────────────┼───────────────────┼────────────┼───────────────────┤
│ block3_film1 (Add)  │ (None, 600, 384)  │          0 │ block3_ln1[0][0], │
│                     │                   │            │ block3_film1_mul… │
│                     │                   │            │ block3_film1_shi… │
├─────────────────────┼───────────────────┼────────────┼───────────────────┤
│ block3_mha          │ (None, 600, 384)  │    591,360 │ block3_film1[0][… │
│ (MultiHeadAttentio… │                   │            │ block3_film1[0][… │
│                     │                   │            │ attn_pad_mask[0]… │
├─────────────────────┼───────────────────┼────────────┼───────────────────┤
│ block3_res1 (Add)   │ (None, 600, 384)  │          0 │ block2_res2[0][0… │
│                     │                   │            │ block3_mha[0][0]  │
├─────────────────────┼───────────────────┼────────────┼───────────────────┤
│ block3_ln2          │ (None, 600, 384)  │        768 │ block3_res1[0][0] │
│ (LayerNormalizatio… │                   │            │                   │
├─────────────────────┼───────────────────┼────────────┼───────────────────┤
│ block3_film2_scale  │ (None, 600, 384)  │     24,960 │ film_ctx[0][0]    │
│ (Dense)             │                   │            │                   │
├─────────────────────┼───────────────────┼────────────┼───────────────────┤
│ block3_film2_mul    │ (None, 600, 384)  │          0 │ block3_ln2[0][0], │
│ (Multiply)          │                   │            │ block3_film2_sca… │
├─────────────────────┼───────────────────┼────────────┼───────────────────┤
│ block3_film2_shift  │ (None, 600, 384)  │     24,960 │ film_ctx[0][0]    │
│ (Dense)             │                   │            │                   │
├─────────────────────┼───────────────────┼────────────┼───────────────────┤
│ block3_film2 (Add)  │ (None, 600, 384)  │          0 │ block3_ln2[0][0], │
│                     │                   │            │ block3_film2_mul… │
│                     │                   │            │ block3_film2_shi… │
├─────────────────────┼───────────────────┼────────────┼───────────────────┤
│ block3_ff1 (Dense)  │ (None, 600, 1536) │    591,360 │ block3_film2[0][… │
├─────────────────────┼───────────────────┼────────────┼───────────────────┤
│ block3_ffdrop       │ (None, 600, 1536) │          0 │ block3_ff1[0][0]  │
│ (Dropout)           │                   │            │                   │
├─────────────────────┼───────────────────┼────────────┼───────────────────┤
│ block3_ff2 (Dense)  │ (None, 600, 384)  │    590,208 │ block3_ffdrop[0]… │
├─────────────────────┼───────────────────┼────────────┼───────────────────┤
│ block3_res2 (Add)   │ (None, 600, 384)  │          0 │ block3_res1[0][0… │
│                     │                   │            │ block3_ff2[0][0]  │
├─────────────────────┼───────────────────┼────────────┼───────────────────┤
│ block4_ln1          │ (None, 600, 384)  │        768 │ block3_res2[0][0] │
│ (LayerNormalizatio… │                   │            │                   │
├─────────────────────┼───────────────────┼────────────┼───────────────────┤
│ block4_film1_scale  │ (None, 600, 384)  │     24,960 │ film_ctx[0][0]    │
│ (Dense)             │                   │            │                   │
├─────────────────────┼───────────────────┼────────────┼───────────────────┤
│ block4_film1_mul    │ (None, 600, 384)  │          0 │ block4_ln1[0][0], │
│ (Multiply)          │                   │            │ block4_film1_sca… │
├─────────────────────┼───────────────────┼────────────┼───────────────────┤
│ block4_film1_shift  │ (None, 600, 384)  │     24,960 │ film_ctx[0][0]    │
│ (Dense)             │                   │            │                   │
├─────────────────────┼───────────────────┼────────────┼───────────────────┤
│ block4_film1 (Add)  │ (None, 600, 384)  │          0 │ block4_ln1[0][0], │
│                     │                   │            │ block4_film1_mul… │
│                     │                   │            │ block4_film1_shi… │
├─────────────────────┼───────────────────┼────────────┼───────────────────┤
│ block4_mha          │ (None, 600, 384)  │    591,360 │ block4_film1[0][… │
│ (MultiHeadAttentio… │                   │            │ block4_film1[0][… │
│                     │                   │            │ attn_pad_mask[0]… │
├─────────────────────┼───────────────────┼────────────┼───────────────────┤
│ block4_res1 (Add)   │ (None, 600, 384)  │          0 │ block3_res2[0][0… │
│                     │                   │            │ block4_mha[0][0]  │
├─────────────────────┼───────────────────┼────────────┼───────────────────┤
│ block4_ln2          │ (None, 600, 384)  │        768 │ block4_res1[0][0] │
│ (LayerNormalizatio… │                   │            │                   │
├─────────────────────┼───────────────────┼────────────┼───────────────────┤
│ block4_film2_scale  │ (None, 600, 384)  │     24,960 │ film_ctx[0][0]    │
│ (Dense)             │                   │            │                   │
├─────────────────────┼───────────────────┼────────────┼───────────────────┤
│ block4_film2_mul    │ (None, 600, 384)  │          0 │ block4_ln2[0][0], │
│ (Multiply)          │                   │            │ block4_film2_sca… │
├─────────────────────┼───────────────────┼────────────┼───────────────────┤
│ block4_film2_shift  │ (None, 600, 384)  │     24,960 │ film_ctx[0][0]    │
│ (Dense)             │                   │            │                   │
├─────────────────────┼───────────────────┼────────────┼───────────────────┤
│ block4_film2 (Add)  │ (None, 600, 384)  │          0 │ block4_ln2[0][0], │
│                     │                   │            │ block4_film2_mul… │
│                     │                   │            │ block4_film2_shi… │
├─────────────────────┼───────────────────┼────────────┼───────────────────┤
│ block4_ff1 (Dense)  │ (None, 600, 1536) │    591,360 │ block4_film2[0][… │
├─────────────────────┼───────────────────┼────────────┼───────────────────┤
│ block4_ffdrop       │ (None, 600, 1536) │          0 │ block4_ff1[0][0]  │
│ (Dropout)           │                   │            │                   │
├─────────────────────┼───────────────────┼────────────┼───────────────────┤
│ block4_ff2 (Dense)  │ (None, 600, 384)  │    590,208 │ block4_ffdrop[0]… │
├─────────────────────┼───────────────────┼────────────┼───────────────────┤
│ block4_res2 (Add)   │ (None, 600, 384)  │          0 │ block4_res1[0][0… │
│                     │                   │            │ block4_ff2[0][0]  │
├─────────────────────┼───────────────────┼────────────┼───────────────────┤
│ block5_ln1          │ (None, 600, 384)  │        768 │ block4_res2[0][0] │
│ (LayerNormalizatio… │                   │            │                   │
├─────────────────────┼───────────────────┼────────────┼───────────────────┤
│ block5_film1_scale  │ (None, 600, 384)  │     24,960 │ film_ctx[0][0]    │
│ (Dense)             │                   │            │                   │
├─────────────────────┼───────────────────┼────────────┼───────────────────┤
│ block5_film1_mul    │ (None, 600, 384)  │          0 │ block5_ln1[0][0], │
│ (Multiply)          │                   │            │ block5_film1_sca… │
├─────────────────────┼───────────────────┼────────────┼───────────────────┤
│ block5_film1_shift  │ (None, 600, 384)  │     24,960 │ film_ctx[0][0]    │
│ (Dense)             │                   │            │                   │
├─────────────────────┼───────────────────┼────────────┼───────────────────┤
│ block5_film1 (Add)  │ (None, 600, 384)  │          0 │ block5_ln1[0][0], │
│                     │                   │            │ block5_film1_mul… │
│                     │                   │            │ block5_film1_shi… │
├─────────────────────┼───────────────────┼────────────┼───────────────────┤
│ block5_mha          │ (None, 600, 384)  │    591,360 │ block5_film1[0][… │
│ (MultiHeadAttentio… │                   │            │ block5_film1[0][… │
│                     │                   │            │ attn_pad_mask[0]… │
├─────────────────────┼───────────────────┼────────────┼───────────────────┤
│ block5_res1 (Add)   │ (None, 600, 384)  │          0 │ block4_res2[0][0… │
│                     │                   │            │ block5_mha[0][0]  │
├─────────────────────┼───────────────────┼────────────┼───────────────────┤
│ block5_ln2          │ (None, 600, 384)  │        768 │ block5_res1[0][0] │
│ (LayerNormalizatio… │                   │            │                   │
├─────────────────────┼───────────────────┼────────────┼───────────────────┤
│ block5_film2_scale  │ (None, 600, 384)  │     24,960 │ film_ctx[0][0]    │
│ (Dense)             │                   │            │                   │
├─────────────────────┼───────────────────┼────────────┼───────────────────┤
│ block5_film2_mul    │ (None, 600, 384)  │          0 │ block5_ln2[0][0], │
│ (Multiply)          │                   │            │ block5_film2_sca… │
├─────────────────────┼───────────────────┼────────────┼───────────────────┤
│ block5_film2_shift  │ (None, 600, 384)  │     24,960 │ film_ctx[0][0]    │
│ (Dense)             │                   │            │                   │
├─────────────────────┼───────────────────┼────────────┼───────────────────┤
│ block5_film2 (Add)  │ (None, 600, 384)  │          0 │ block5_ln2[0][0], │
│                     │                   │            │ block5_film2_mul… │
│                     │                   │            │ block5_film2_shi… │
├─────────────────────┼───────────────────┼────────────┼───────────────────┤
│ block5_ff1 (Dense)  │ (None, 600, 1536) │    591,360 │ block5_film2[0][… │
├─────────────────────┼───────────────────┼────────────┼───────────────────┤
│ block5_ffdrop       │ (None, 600, 1536) │          0 │ block5_ff1[0][0]  │
│ (Dropout)           │                   │            │                   │
├─────────────────────┼───────────────────┼────────────┼───────────────────┤
│ block5_ff2 (Dense)  │ (None, 600, 384)  │    590,208 │ block5_ffdrop[0]… │
├─────────────────────┼───────────────────┼────────────┼───────────────────┤
│ block5_res2 (Add)   │ (None, 600, 384)  │          0 │ block5_res1[0][0… │
│                     │                   │            │ block5_ff2[0][0]  │
├─────────────────────┼───────────────────┼────────────┼───────────────────┤
│ final_ln            │ (None, 600, 384)  │        768 │ block5_res2[0][0] │
│ (LayerNormalizatio… │                   │            │                   │
├─────────────────────┼───────────────────┼────────────┼───────────────────┤
│ event_output        │ (None, 600, 13)   │      5,005 │ final_ln[0][0]    │
│ (Dense)             │                   │            │                   │
├─────────────────────┼───────────────────┼────────────┼───────────────────┤
│ time_output (Dense) │ (None, 600, 1)    │        385 │ final_ln[0][0]    │
└─────────────────────┴───────────────────┴────────────┴───────────────────┘
 Total params: 12,982,286 (49.52 MB)
 Trainable params: 12,982,286 (49.52 MB)
 Non-trainable params: 0 (0.00 B)
Epoch 1/50
[1m 1/67[0m [37m━━━━━━━━━━━━━━━━━━━━[0m [1m1:31:46[0m 83s/step - event_output_acc: 0.1254 - event_output_loss: 0.2244 - loss: 0.3178 - time_output_loss: 0.1833 - time_output_mae: 1.2869 - time_output_mae_sec: 9.0381[1m 2/67[0m [37m━━━━━━━━━━━━━━━━━━━━[0m [1m1:33[0m 1s/step - event_output_acc: 0.1267 - event_output_loss: 0.2345 - loss: 0.3321 - time_output_loss: 0.1917 - time_output_mae: 1.2880 - time_output_mae_sec: 9.0464    [1m 3/67[0m [37m━━━━━━━━━━━━━━━━━━━━[0m [1m1:31[0m 1s/step - event_output_acc: 0.1276 - event_output_loss: 0.2389 - loss: 0.3376 - time_output_loss: 0.1940 - time_output_mae: 1.2833 - time_output_mae_sec: 9.0128[1m 4/67[0m [32m━[0m[37m━━━━━━━━━━━━━━━━━━━[0m [1m1:29[0m 1s/step - event_output_acc: 0.1303 - event_output_loss: 0.2415 - loss: 0.3399 - time_output_loss: 0.1934 - time_output_mae: 1.2731 - time_output_mae_sec: 8.9417[1m 5/67[0m [32m━[0m[37m━━━━━━━━━━━━━━━━━━━[0m [1m1:27[0m 1s/step - event_output_acc: 0.1337 - event_output_loss: 0.2431 - loss: 0.3409 - time_output_loss: 0.1921 - time_output_mae: 1.2632 - time_output_mae_sec: 8.8719[1m 6/67[0m [32m━[0m[37m━━━━━━━━━━━━━━━━━━━[0m [1m1:26[0m 1s/step - event_output_acc: 0.1388 - event_output_loss: 0.2447 - loss: 0.3423 - time_output_loss: 0.1918 - time_output_mae: 1.2560 - time_output_mae_sec: 8.8211[1m 7/67[0m [32m━━[0m[37m━━━━━━━━━━━━━━━━━━[0m [1m1:24[0m 1s/step - event_output_acc: 0.1453 - event_output_loss: 0.2456 - loss: 0.3435 - time_output_loss: 0.1924 - time_output_mae: 1.2521 - time_output_mae_sec: 8.7940[1m 8/67[0m [32m━━[0m[37m━━━━━━━━━━━━━━━━━━[0m [1m1:23[0m 1s/step - event_output_acc: 0.1523 - event_output_loss: 0.2458 - loss: 0.3439 - time_output_loss: 0.1930 - time_output_mae: 1.2491 - time_output_mae_sec: 8.7730[1m 9/67[0m [32m━━[0m[37m━━━━━━━━━━━━━━━━━━[0m [1m1:21[0m 1s/step - event_output_acc: 0.1598 - event_output_loss: 0.2456 - loss: 0.3440 - time_output_loss: 0.1934 - time_output_mae: 1.2453 - time_output_mae_sec: 8.7460[1m10/67[0m [32m━━[0m[37m━━━━━━━━━━━━━━━━━━[0m [1m1:20[0m 1s/step - event_output_acc: 0.1671 - event_output_loss: 0.2453 - loss: 0.3439 - time_output_loss: 0.1938 - time_output_mae: 1.2406 - time_output_mae_sec: 8.7131[1m11/67[0m [32m━━━[0m[37m━━━━━━━━━━━━━━━━━[0m [1m1:19[0m 1s/step - event_output_acc: 0.1740 - event_output_loss: 0.2450 - loss: 0.3439 - time_output_loss: 0.1944 - time_output_mae: 1.2357 - time_output_mae_sec: 8.6784[1m12/67[0m [32m━━━[0m[37m━━━━━━━━━━━━━━━━━[0m [1m1:17[0m 1s/step - event_output_acc: 0.1804 - event_output_loss: 0.2446 - loss: 0.3439 - time_output_loss: 0.1950 - time_output_mae: 1.2307 - time_output_mae_sec: 8.6434[1m13/67[0m [32m━━━[0m[37m━━━━━━━━━━━━━━━━━[0m [1m1:15[0m 1s/step - event_output_acc: 0.1864 - event_output_loss: 0.2445 - loss: 0.3440 - time_output_loss: 0.1957 - time_output_mae: 1.2251 - time_output_mae_sec: 8.6044[1m14/67[0m [32m━━━━[0m[37m━━━━━━━━━━━━━━━━[0m [1m1:14[0m 1s/step - event_output_acc: 0.1921 - event_output_loss: 0.2444 - loss: 0.3442 - time_output_loss: 0.1962 - time_output_mae: 1.2194 - time_output_mae_sec: 8.5646[1m15/67[0m [32m━━━━[0m[37m━━━━━━━━━━━━━━━━[0m [1m1:13[0m 1s/step - event_output_acc: 0.1974 - event_output_loss: 0.2443 - loss: 0.3443 - time_output_loss: 0.1968 - time_output_mae: 1.2141 - time_output_mae_sec: 8.5267[1m16/67[0m [32m━━━━[0m[37m━━━━━━━━━━━━━━━━[0m [1m1:11[0m 1s/step - event_output_acc: 0.2023 - event_output_loss: 0.2443 - loss: 0.3447 - time_output_loss: 0.1974 - time_output_mae: 1.2087 - time_output_mae_sec: 8.4895[1m17/67[0m [32m━━━━━[0m[37m━━━━━━━━━━━━━━━[0m [1m1:10[0m 1s/step - event_output_acc: 0.2068 - event_output_loss: 0.2444 - loss: 0.3450 - time_output_loss: 0.1979 - time_output_mae: 1.2032 - time_output_mae_sec: 8.4508[1m18/67[0m [32m━━━━━[0m[37m━━━━━━━━━━━━━━━[0m [1m1:08[0m 1s/step - event_output_acc: 0.2110 - event_output_loss: 0.2445 - loss: 0.3453 - time_output_loss: 0.1983 - time_output_mae: 1.1976 - time_output_mae_sec: 8.4112[1m19/67[0m [32m━━━━━[0m[37m━━━━━━━━━━━━━━━[0m [1m1:07[0m 1s/step - event_output_acc: 0.2148 - event_output_loss: 0.2447 - loss: 0.3457 - time_output_loss: 0.1987 - time_output_mae: 1.1918 - time_output_mae_sec: 8.3707[1m20/67[0m [32m━━━━━[0m[37m━━━━━━━━━━━━━━━[0m [1m1:06[0m 1s/step - event_output_acc: 0.2184 - event_output_loss: 0.2450 - loss: 0.3462 - time_output_loss: 0.1990 - time_output_mae: 1.1859 - time_output_mae_sec: 8.3293[1m21/67[0m [32m━━━━━━[0m[37m━━━━━━━━━━━━━━[0m [1m1:04[0m 1s/step - event_output_acc: 0.2219 - event_output_loss: 0.2454 - loss: 0.3468 - time_output_loss: 0.1995 - time_output_mae: 1.1801 - time_output_mae_sec: 8.2881[1m22/67[0m [32m━━━━━━[0m[37m━━━━━━━━━━━━━━[0m [1m1:03[0m 1s/step - event_output_acc: 0.2254 - event_output_loss: 0.2459 - loss: 0.3476 - time_output_loss: 0.1999 - time_output_mae: 1.1743 - time_output_mae_sec: 8.2476[1m23/67[0m [32m━━━━━━[0m[37m━━━━━━━━━━━━━━[0m [1m1:01[0m 1s/step - event_output_acc: 0.2288 - event_output_loss: 0.2465 - loss: 0.3484 - time_output_loss: 0.2002 - time_output_mae: 1.1685 - time_output_mae_sec: 8.2067[1m24/67[0m [32m━━━━━━━[0m[37m━━━━━━━━━━━━━[0m [1m1:00[0m 1s/step - event_output_acc: 0.2321 - event_output_loss: 0.2472 - loss: 0.3492 - time_output_loss: 0.2006 - time_output_mae: 1.1627 - time_output_mae_sec: 8.1659[1m25/67[0m [32m━━━━━━━[0m[37m━━━━━━━━━━━━━[0m [1m58s[0m 1s/step - event_output_acc: 0.2354 - event_output_loss: 0.2479 - loss: 0.3501 - time_output_loss: 0.2010 - time_output_mae: 1.1569 - time_output_mae_sec: 8.1254 [1m26/67[0m [32m━━━━━━━[0m[37m━━━━━━━━━━━━━[0m [1m57s[0m 1s/step - event_output_acc: 0.2387 - event_output_loss: 0.2486 - loss: 0.3510 - time_output_loss: 0.2013 - time_output_mae: 1.1512 - time_output_mae_sec: 8.0852[1m27/67[0m [32m━━━━━━━━[0m[37m━━━━━━━━━━━━[0m [1m56s[0m 1s/step - event_output_acc: 0.2419 - event_output_loss: 0.2495 - loss: 0.3520 - time_output_loss: 0.2017 - time_output_mae: 1.1456 - time_output_mae_sec: 8.0462[1m28/67[0m [32m━━━━━━━━[0m[37m━━━━━━━━━━━━[0m [1m54s[0m 1s/step - event_output_acc: 0.2450 - event_output_loss: 0.2504 - loss: 0.3532 - time_output_loss: 0.2022 - time_output_mae: 1.1401 - time_output_mae_sec: 8.0075[1m29/67[0m [32m━━━━━━━━[0m[37m━━━━━━━━━━━━[0m [1m53s[0m 1s/step - event_output_acc: 0.2479 - event_output_loss: 0.2514 - loss: 0.3544 - time_output_loss: 0.2026 - time_output_mae: 1.1346 - time_output_mae_sec: 7.9690[1m30/67[0m [32m━━━━━━━━[0m[37m━━━━━━━━━━━━[0m [1m51s[0m 1s/step - event_output_acc: 0.2509 - event_output_loss: 0.2524 - loss: 0.3556 - time_output_loss: 0.2030 - time_output_mae: 1.1292 - time_output_mae_sec: 7.9311[1m31/67[0m [32m━━━━━━━━━[0m[37m━━━━━━━━━━━[0m [1m50s[0m 1s/step - event_output_acc: 0.2538 - event_output_loss: 0.2535 - loss: 0.3569 - time_output_loss: 0.2035 - time_output_mae: 1.1240 - time_output_mae_sec: 7.8941[1m32/67[0m [32m━━━━━━━━━[0m[37m━━━━━━━━━━━[0m [1m49s[0m 1s/step - event_output_acc: 0.2567 - event_output_loss: 0.2546 - loss: 0.3583 - time_output_loss: 0.2039 - time_output_mae: 1.1188 - time_output_mae_sec: 7.8580[1m33/67[0m [32m━━━━━━━━━[0m[37m━━━━━━━━━━━[0m [1m47s[0m 1s/step - event_output_acc: 0.2595 - event_output_loss: 0.2558 - loss: 0.3597 - time_output_loss: 0.2044 - time_output_mae: 1.1138 - time_output_mae_sec: 7.8224[1m34/67[0m [32m━━━━━━━━━━[0m[37m━━━━━━━━━━[0m [1m46s[0m 1s/step - event_output_acc: 0.2624 - event_output_loss: 0.2571 - loss: 0.3613 - time_output_loss: 0.2050 - time_output_mae: 1.1088 - time_output_mae_sec: 7.7873[1m35/67[0m [32m━━━━━━━━━━[0m[37m━━━━━━━━━━[0m [1m44s[0m 1s/step - event_output_acc: 0.2652 - event_output_loss: 0.2584 - loss: 0.3629 - time_output_loss: 0.2055 - time_output_mae: 1.1039 - time_output_mae_sec: 7.7531[1m36/67[0m [32m━━━━━━━━━━[0m[37m━━━━━━━━━━[0m [1m43s[0m 1s/step - event_output_acc: 0.2680 - event_output_loss: 0.2598 - loss: 0.3645 - time_output_loss: 0.2061 - time_output_mae: 1.0992 - time_output_mae_sec: 7.7197[1m37/67[0m [32m━━━━━━━━━━━[0m[37m━━━━━━━━━[0m [1m42s[0m 1s/step - event_output_acc: 0.2707 - event_output_loss: 0.2612 - loss: 0.3663 - time_output_loss: 0.2068 - time_output_mae: 1.0945 - time_output_mae_sec: 7.6870[1m38/67[0m [32m━━━━━━━━━━━[0m[37m━━━━━━━━━[0m [1m40s[0m 1s/step - event_output_acc: 0.2735 - event_output_loss: 0.2627 - loss: 0.3680 - time_output_loss: 0.2074 - time_output_mae: 1.0899 - time_output_mae_sec: 7.6549[1m39/67[0m [32m━━━━━━━━━━━[0m[37m━━━━━━━━━[0m [1m39s[0m 1s/step - event_output_acc: 0.2762 - event_output_loss: 0.2642 - loss: 0.3699 - time_output_loss: 0.2080 - time_output_mae: 1.0854 - time_output_mae_sec: 7.6234[1m40/67[0m [32m━━━━━━━━━━━[0m[37m━━━━━━━━━[0m [1m37s[0m 1s/step - event_output_acc: 0.2788 - event_output_loss: 0.2657 - loss: 0.3718 - time_output_loss: 0.2087 - time_output_mae: 1.0811 - time_output_mae_sec: 7.5928[1m41/67[0m [32m━━━━━━━━━━━━[0m[37m━━━━━━━━[0m [1m36s[0m 1s/step - event_output_acc: 0.2815 - event_output_loss: 0.2673 - loss: 0.3737 - time_output_loss: 0.2094 - time_output_mae: 1.0768 - time_output_mae_sec: 7.5627[1m42/67[0m [32m━━━━━━━━━━━━[0m[37m━━━━━━━━[0m [1m35s[0m 1s/step - event_output_acc: 0.2841 - event_output_loss: 0.2690 - loss: 0.3757 - time_output_loss: 0.2102 - time_output_mae: 1.0726 - time_output_mae_sec: 7.5332[1m43/67[0m [32m━━━━━━━━━━━━[0m[37m━━━━━━━━[0m [1m33s[0m 1s/step - event_output_acc: 0.2866 - event_output_loss: 0.2706 - loss: 0.3777 - time_output_loss: 0.2109 - time_output_mae: 1.0685 - time_output_mae_sec: 7.5044[1m44/67[0m [32m━━━━━━━━━━━━━[0m[37m━━━━━━━[0m [1m32s[0m 1s/step - event_output_acc: 0.2892 - event_output_loss: 0.2723 - loss: 0.3798 - time_output_loss: 0.2117 - time_output_mae: 1.0645 - time_output_mae_sec: 7.4763[1m45/67[0m [32m━━━━━━━━━━━━━[0m[37m━━━━━━━[0m [1m30s[0m 1s/step - event_output_acc: 0.2917 - event_output_loss: 0.2740 - loss: 0.3818 - time_output_loss: 0.2125 - time_output_mae: 1.0606 - time_output_mae_sec: 7.4487[1m46/67[0m [32m━━━━━━━━━━━━━[0m[37m━━━━━━━[0m [1m29s[0m 1s/step - event_output_acc: 0.2942 - event_output_loss: 0.2757 - loss: 0.3840 - time_output_loss: 0.2133 - time_output_mae: 1.0567 - time_output_mae_sec: 7.4216[1m47/67[0m [32m━━━━━━━━━━━━━━[0m[37m━━━━━━[0m [1m28s[0m 1s/step - event_output_acc: 0.2966 - event_output_loss: 0.2774 - loss: 0.3861 - time_output_loss: 0.2141 - time_output_mae: 1.0529 - time_output_mae_sec: 7.3951[1m48/67[0m [32m━━━━━━━━━━━━━━[0m[37m━━━━━━[0m [1m26s[0m 1s/step - event_output_acc: 0.2991 - event_output_loss: 0.2792 - loss: 0.3883 - time_output_loss: 0.2149 - time_output_mae: 1.0492 - time_output_mae_sec: 7.3690[1m49/67[0m [32m━━━━━━━━━━━━━━[0m[37m━━━━━━[0m [1m25s[0m 1s/step - event_output_acc: 0.3015 - event_output_loss: 0.2810 - loss: 0.3905 - time_output_loss: 0.2158 - time_output_mae: 1.0456 - time_output_mae_sec: 7.3434[1m50/67[0m [32m━━━━━━━━━━━━━━[0m[37m━━━━━━[0m [1m23s[0m 1s/step - event_output_acc: 0.3038 - event_output_loss: 0.2829 - loss: 0.3928 - time_output_loss: 0.2166 - time_output_mae: 1.0420 - time_output_mae_sec: 7.3183[1m51/67[0m [32m━━━━━━━━━━━━━━━[0m[37m━━━━━[0m [1m22s[0m 1s/step - event_output_acc: 0.3062 - event_output_loss: 0.2847 - loss: 0.3951 - time_output_loss: 0.2175 - time_output_mae: 1.0385 - time_output_mae_sec: 7.2935[1m52/67[0m [32m━━━━━━━━━━━━━━━[0m[37m━━━━━[0m [1m21s[0m 1s/step - event_output_acc: 0.3085 - event_output_loss: 0.2866 - loss: 0.3975 - time_output_loss: 0.2184 - time_output_mae: 1.0350 - time_output_mae_sec: 7.2691[1m53/67[0m [32m━━━━━━━━━━━━━━━[0m[37m━━━━━[0m [1m19s[0m 1s/step - event_output_acc: 0.3109 - event_output_loss: 0.2885 - loss: 0.3998 - time_output_loss: 0.2193 - time_output_mae: 1.0316 - time_output_mae_sec: 7.2450[1m54/67[0m [32m━━━━━━━━━━━━━━━━[0m[37m━━━━[0m [1m18s[0m 1s/step - event_output_acc: 0.3132 - event_output_loss: 0.2905 - loss: 0.4022 - time_output_loss: 0.2202 - time_output_mae: 1.0282 - time_output_mae_sec: 7.2212[1m55/67[0m [32m━━━━━━━━━━━━━━━━[0m[37m━━━━[0m [1m16s[0m 1s/step - event_output_acc: 0.3155 - event_output_loss: 0.2924 - loss: 0.4046 - time_output_loss: 0.2212 - time_output_mae: 1.0248 - time_output_mae_sec: 7.1979[1m56/67[0m [32m━━━━━━━━━━━━━━━━[0m[37m━━━━[0m [1m15s[0m 1s/step - event_output_acc: 0.3177 - event_output_loss: 0.2943 - loss: 0.4069 - time_output_loss: 0.2221 - time_output_mae: 1.0216 - time_output_mae_sec: 7.1748[1m57/67[0m [32m━━━━━━━━━━━━━━━━━[0m[37m━━━[0m [1m14s[0m 1s/step - event_output_acc: 0.3200 - event_output_loss: 0.2962 - loss: 0.4093 - time_output_loss: 0.2230 - time_output_mae: 1.0183 - time_output_mae_sec: 7.1521[1m58/67[0m [32m━━━━━━━━━━━━━━━━━[0m[37m━━━[0m [1m12s[0m 1s/step - event_output_acc: 0.3222 - event_output_loss: 0.2981 - loss: 0.4116 - time_output_loss: 0.2239 - time_output_mae: 1.0151 - time_output_mae_sec: 7.1297[1m59/67[0m [32m━━━━━━━━━━━━━━━━━[0m[37m━━━[0m [1m11s[0m 1s/step - event_output_acc: 0.3244 - event_output_loss: 0.2999 - loss: 0.4139 - time_output_loss: 0.2248 - time_output_mae: 1.0120 - time_output_mae_sec: 7.1075[1m60/67[0m [32m━━━━━━━━━━━━━━━━━[0m[37m━━━[0m [1m9s[0m 1s/step - event_output_acc: 0.3266 - event_output_loss: 0.3017 - loss: 0.4162 - time_output_loss: 0.2256 - time_output_mae: 1.0089 - time_output_mae_sec: 7.0856 [1m61/67[0m [32m━━━━━━━━━━━━━━━━━━[0m[37m━━[0m [1m8s[0m 1s/step - event_output_acc: 0.3288 - event_output_loss: 0.3035 - loss: 0.4184 - time_output_loss: 0.2265 - time_output_mae: 1.0058 - time_output_mae_sec: 7.0639[1m62/67[0m [32m━━━━━━━━━━━━━━━━━━[0m[37m━━[0m [1m7s[0m 1s/step - event_output_acc: 0.3310 - event_output_loss: 0.3053 - loss: 0.4206 - time_output_loss: 0.2273 - time_output_mae: 1.0027 - time_output_mae_sec: 7.0424[1m63/67[0m [32m━━━━━━━━━━━━━━━━━━[0m[37m━━[0m [1m5s[0m 1s/step - event_output_acc: 0.3331 - event_output_loss: 0.3070 - loss: 0.4227 - time_output_loss: 0.2282 - time_output_mae: 0.9997 - time_output_mae_sec: 7.0211[1m64/67[0m [32m━━━━━━━━━━━━━━━━━━━[0m[37m━[0m [1m4s[0m 1s/step - event_output_acc: 0.3353 - event_output_loss: 0.3088 - loss: 0.4248 - time_output_loss: 0.2290 - time_output_mae: 0.9967 - time_output_mae_sec: 7.0004[1m65/67[0m [32m━━━━━━━━━━━━━━━━━━━[0m[37m━[0m [1m2s[0m 1s/step - event_output_acc: 0.3374 - event_output_loss: 0.3105 - loss: 0.4270 - time_output_loss: 0.2298 - time_output_mae: 0.9939 - time_output_mae_sec: 6.9802[1m66/67[0m [32m━━━━━━━━━━━━━━━━━━━[0m[37m━[0m [1m1s[0m 1s/step - event_output_acc: 0.3396 - event_output_loss: 0.3121 - loss: 0.4290 - time_output_loss: 0.2307 - time_output_mae: 0.9910 - time_output_mae_sec: 6.9603[1m67/67[0m [32m━━━━━━━━━━━━━━━━━━━━[0m[37m[0m [1m0s[0m 1s/step - event_output_acc: 0.3417 - event_output_loss: 0.3137 - loss: 0.4310 - time_output_loss: 0.2315 - time_output_mae: 0.9882 - time_output_mae_sec: 6.9407[1m67/67[0m [32m━━━━━━━━━━━━━━━━━━━━[0m[37m[0m [1m190s[0m 2s/step - event_output_acc: 0.4806 - event_output_loss: 0.4202 - loss: 0.5639 - time_output_loss: 0.2850 - time_output_mae: 0.8044 - time_output_mae_sec: 5.6495 - val_event_output_acc: 0.6343 - val_event_output_loss: 0.1962 - val_loss: 0.2722 - val_time_output_loss: 0.1620 - val_time_output_mae: 0.6944 - val_time_output_mae_sec: 4.8770 - scheduled_sampling_p: 0.0000e+00
Epoch 2/50
[1m 1/67[0m [37m━━━━━━━━━━━━━━━━━━━━[0m [1m2:02[0m 2s/step - event_output_acc: 0.6143 - event_output_loss: 0.0781 - loss: 0.1158 - time_output_loss: 0.0738 - time_output_mae: 0.7518 - time_output_mae_sec: 5.2802[1m 2/67[0m [37m━━━━━━━━━━━━━━━━━━━━[0m [1m1:31[0m 1s/step - event_output_acc: 0.6161 - event_output_loss: 0.0789 - loss: 0.1224 - time_output_loss: 0.0855 - time_output_mae: 0.8151 - time_output_mae_sec: 5.7250[1m 3/67[0m [37m━━━━━━━━━━━━━━━━━━━━[0m [1m1:29[0m 1s/step - event_output_acc: 0.6164 - event_output_loss: 0.0803 - loss: 0.1261 - time_output_loss: 0.0900 - time_output_mae: 0.8317 - time_output_mae_sec: 5.8412[1m 4/67[0m [32m━[0m[37m━━━━━━━━━━━━━━━━━━━[0m [1m1:28[0m 1s/step - event_output_acc: 0.6177 - event_output_loss: 0.0816 - loss: 0.1275 - time_output_loss: 0.0901 - time_output_mae: 0.8261 - time_output_mae_sec: 5.8019[1m 5/67[0m [32m━[0m[37m━━━━━━━━━━━━━━━━━━━[0m [1m1:27[0m 1s/step - event_output_acc: 0.6187 - event_output_loss: 0.0826 - loss: 0.1286 - time_output_loss: 0.0903 - time_output_mae: 0.8255 - time_output_mae_sec: 5.7981[1m 6/67[0m [32m━[0m[37m━━━━━━━━━━━━━━━━━━━[0m [1m1:25[0m 1s/step - event_output_acc: 0.6198 - event_output_loss: 0.0835 - loss: 0.1298 - time_output_loss: 0.0911 - time_output_mae: 0.8292 - time_output_mae_sec: 5.8235[1m 7/67[0m [32m━━[0m[37m━━━━━━━━━━━━━━━━━━[0m [1m1:24[0m 1s/step - event_output_acc: 0.6208 - event_output_loss: 0.0843 - loss: 0.1307 - time_output_loss: 0.0912 - time_output_mae: 0.8287 - time_output_mae_sec: 5.8203[1m 8/67[0m [32m━━[0m[37m━━━━━━━━━━━━━━━━━━[0m [1m1:22[0m 1s/step - event_output_acc: 0.6217 - event_output_loss: 0.0851 - loss: 0.1314 - time_output_loss: 0.0910 - time_output_mae: 0.8255 - time_output_mae_sec: 5.7979[1m 9/67[0m [32m━━[0m[37m━━━━━━━━━━━━━━━━━━[0m [1m1:21[0m 1s/step - event_output_acc: 0.6223 - event_output_loss: 0.0860 - loss: 0.1323 - time_output_loss: 0.0912 - time_output_mae: 0.8232 - time_output_mae_sec: 5.7814[1m10/67[0m [32m━━[0m[37m━━━━━━━━━━━━━━━━━━[0m [1m1:19[0m 1s/step - event_output_acc: 0.6228 - event_output_loss: 0.0869 - loss: 0.1332 - time_output_loss: 0.0912 - time_output_mae: 0.8200 - time_output_mae_sec: 5.7591[1m11/67[0m [32m━━━[0m[37m━━━━━━━━━━━━━━━━━[0m [1m1:18[0m 1s/step - event_output_acc: 0.6233 - event_output_loss: 0.0878 - loss: 0.1341 - time_output_loss: 0.0912 - time_output_mae: 0.8158 - time_output_mae_sec: 5.7293[1m12/67[0m [32m━━━[0m[37m━━━━━━━━━━━━━━━━━[0m [1m1:17[0m 1s/step - event_output_acc: 0.6238 - event_output_loss: 0.0887 - loss: 0.1350 - time_output_loss: 0.0912 - time_output_mae: 0.8119 - time_output_mae_sec: 5.7025[1m13/67[0m [32m━━━[0m[37m━━━━━━━━━━━━━━━━━[0m [1m1:15[0m 1s/step - event_output_acc: 0.6243 - event_output_loss: 0.0896 - loss: 0.1360 - time_output_loss: 0.0912 - time_output_mae: 0.8078 - time_output_mae_sec: 5.6737[1m14/67[0m [32m━━━━[0m[37m━━━━━━━━━━━━━━━━[0m [1m1:14[0m 1s/step - event_output_acc: 0.6248 - event_output_loss: 0.0906 - loss: 0.1369 - time_output_loss: 0.0912 - time_output_mae: 0.8034 - time_output_mae_sec: 5.6424[1m15/67[0m [32m━━━━[0m[37m━━━━━━━━━━━━━━━━[0m [1m1:12[0m 1s/step - event_output_acc: 0.6252 - event_output_loss: 0.0916 - loss: 0.1380 - time_output_loss: 0.0913 - time_output_mae: 0.7991 - time_output_mae_sec: 5.6123[1m16/67[0m [32m━━━━[0m[37m━━━━━━━━━━━━━━━━[0m [1m1:11[0m 1s/step - event_output_acc: 0.6256 - event_output_loss: 0.0927 - loss: 0.1391 - time_output_loss: 0.0914 - time_output_mae: 0.7946 - time_output_mae_sec: 5.5810[1m17/67[0m [32m━━━━━[0m[37m━━━━━━━━━━━━━━━[0m [1m1:10[0m 1s/step - event_output_acc: 0.6260 - event_output_loss: 0.0937 - loss: 0.1402 - time_output_loss: 0.0915 - time_output_mae: 0.7902 - time_output_mae_sec: 5.5499[1m18/67[0m [32m━━━━━[0m[37m━━━━━━━━━━━━━━━[0m [1m1:08[0m 1s/step - event_output_acc: 0.6263 - event_output_loss: 0.0948 - loss: 0.1414 - time_output_loss: 0.0917 - time_output_mae: 0.7861 - time_output_mae_sec: 5.5211[1m19/67[0m [32m━━━━━[0m[37m━━━━━━━━━━━━━━━[0m [1m1:07[0m 1s/step - event_output_acc: 0.6266 - event_output_loss: 0.0959 - loss: 0.1426 - time_output_loss: 0.0918 - time_output_mae: 0.7820 - time_output_mae_sec: 5.4923[1m20/67[0m [32m━━━━━[0m[37m━━━━━━━━━━━━━━━[0m [1m1:05[0m 1s/step - event_output_acc: 0.6269 - event_output_loss: 0.0971 - loss: 0.1438 - time_output_loss: 0.0920 - time_output_mae: 0.7779 - time_output_mae_sec: 5.4635[1m21/67[0m [32m━━━━━━[0m[37m━━━━━━━━━━━━━━[0m [1m1:04[0m 1s/step - event_output_acc: 0.6272 - event_output_loss: 0.0983 - loss: 0.1451 - time_output_loss: 0.0922 - time_output_mae: 0.7738 - time_output_mae_sec: 5.4349[1m22/67[0m [32m━━━━━━[0m[37m━━━━━━━━━━━━━━[0m [1m1:03[0m 1s/step - event_output_acc: 0.6275 - event_output_loss: 0.0995 - loss: 0.1464 - time_output_loss: 0.0924 - time_output_mae: 0.7698 - time_output_mae_sec: 5.4066[1m23/67[0m [32m━━━━━━[0m[37m━━━━━━━━━━━━━━[0m [1m1:01[0m 1s/step - event_output_acc: 0.6277 - event_output_loss: 0.1007 - loss: 0.1477 - time_output_loss: 0.0926 - time_output_mae: 0.7659 - time_output_mae_sec: 5.3793[1m24/67[0m [32m━━━━━━━[0m[37m━━━━━━━━━━━━━[0m [1m1:00[0m 1s/step - event_output_acc: 0.6280 - event_output_loss: 0.1019 - loss: 0.1490 - time_output_loss: 0.0928 - time_output_mae: 0.7621 - time_output_mae_sec: 5.3524[1m25/67[0m [32m━━━━━━━[0m[37m━━━━━━━━━━━━━[0m [1m59s[0m 1s/step - event_output_acc: 0.6282 - event_output_loss: 0.1031 - loss: 0.1504 - time_output_loss: 0.0930 - time_output_mae: 0.7584 - time_output_mae_sec: 5.3263 [1m26/67[0m [32m━━━━━━━[0m[37m━━━━━━━━━━━━━[0m [1m57s[0m 1s/step - event_output_acc: 0.6284 - event_output_loss: 0.1044 - loss: 0.1518 - time_output_loss: 0.0933 - time_output_mae: 0.7548 - time_output_mae_sec: 5.3010[1m27/67[0m [32m━━━━━━━━[0m[37m━━━━━━━━━━━━[0m [1m56s[0m 1s/step - event_output_acc: 0.6286 - event_output_loss: 0.1057 - loss: 0.1532 - time_output_loss: 0.0936 - time_output_mae: 0.7513 - time_output_mae_sec: 5.2764[1m28/67[0m [32m━━━━━━━━[0m[37m━━━━━━━━━━━━[0m [1m54s[0m 1s/step - event_output_acc: 0.6288 - event_output_loss: 0.1070 - loss: 0.1547 - time_output_loss: 0.0939 - time_output_mae: 0.7479 - time_output_mae_sec: 5.2526[1m29/67[0m [32m━━━━━━━━[0m[37m━━━━━━━━━━━━[0m [1m53s[0m 1s/step - event_output_acc: 0.6289 - event_output_loss: 0.1083 - loss: 0.1561 - time_output_loss: 0.0942 - time_output_mae: 0.7446 - time_output_mae_sec: 5.2294[1m30/67[0m [32m━━━━━━━━[0m[37m━━━━━━━━━━━━[0m [1m51s[0m 1s/step - event_output_acc: 0.6291 - event_output_loss: 0.1097 - loss: 0.1577 - time_output_loss: 0.0946 - time_output_mae: 0.7413 - time_output_mae_sec: 5.2068[1m31/67[0m [32m━━━━━━━━━[0m[37m━━━━━━━━━━━[0m [1m50s[0m 1s/step - event_output_acc: 0.6292 - event_output_loss: 0.1111 - loss: 0.1593 - time_output_loss: 0.0950 - time_output_mae: 0.7382 - time_output_mae_sec: 5.1847[1m32/67[0m [32m━━━━━━━━━[0m[37m━━━━━━━━━━━[0m [1m49s[0m 1s/step - event_output_acc: 0.6294 - event_output_loss: 0.1126 - loss: 0.1610 - time_output_loss: 0.0955 - time_output_mae: 0.7352 - time_output_mae_sec: 5.1634[1m33/67[0m [32m━━━━━━━━━[0m[37m━━━━━━━━━━━[0m [1m47s[0m 1s/step - event_output_acc: 0.6295 - event_output_loss: 0.1141 - loss: 0.1627 - time_output_loss: 0.0959 - time_output_mae: 0.7322 - time_output_mae_sec: 5.1425[1m34/67[0m [32m━━━━━━━━━━[0m[37m━━━━━━━━━━[0m [1m46s[0m 1s/step - event_output_acc: 0.6297 - event_output_loss: 0.1156 - loss: 0.1644 - time_output_loss: 0.0964 - time_output_mae: 0.7293 - time_output_mae_sec: 5.1223[1m35/67[0m [32m━━━━━━━━━━[0m[37m━━━━━━━━━━[0m [1m44s[0m 1s/step - event_output_acc: 0.6298 - event_output_loss: 0.1171 - loss: 0.1662 - time_output_loss: 0.0969 - time_output_mae: 0.7265 - time_output_mae_sec: 5.1024[1m36/67[0m [32m━━━━━━━━━━[0m[37m━━━━━━━━━━[0m [1m43s[0m 1s/step - event_output_acc: 0.6299 - event_output_loss: 0.1187 - loss: 0.1681 - time_output_loss: 0.0974 - time_output_mae: 0.7237 - time_output_mae_sec: 5.0830[1m37/67[0m [32m━━━━━━━━━━━[0m[37m━━━━━━━━━[0m [1m42s[0m 1s/step - event_output_acc: 0.6301 - event_output_loss: 0.1203 - loss: 0.1700 - time_output_loss: 0.0980 - time_output_mae: 0.7210 - time_output_mae_sec: 5.0640[1m38/67[0m [32m━━━━━━━━━━━[0m[37m━━━━━━━━━[0m [1m40s[0m 1s/step - event_output_acc: 0.6302 - event_output_loss: 0.1219 - loss: 0.1719 - time_output_loss: 0.0986 - time_output_mae: 0.7184 - time_output_mae_sec: 5.0454[1m39/67[0m [32m━━━━━━━━━━━[0m[37m━━━━━━━━━[0m [1m39s[0m 1s/step - event_output_acc: 0.6303 - event_output_loss: 0.1235 - loss: 0.1738 - time_output_loss: 0.0992 - time_output_mae: 0.7158 - time_output_mae_sec: 5.0275[1m40/67[0m [32m━━━━━━━━━━━[0m[37m━━━━━━━━━[0m [1m37s[0m 1s/step - event_output_acc: 0.6304 - event_output_loss: 0.1252 - loss: 0.1757 - time_output_loss: 0.0998 - time_output_mae: 0.7133 - time_output_mae_sec: 5.0101[1m41/67[0m [32m━━━━━━━━━━━━[0m[37m━━━━━━━━[0m [1m36s[0m 1s/step - event_output_acc: 0.6305 - event_output_loss: 0.1268 - loss: 0.1777 - time_output_loss: 0.1004 - time_output_mae: 0.7109 - time_output_mae_sec: 4.9931[1m42/67[0m [32m━━━━━━━━━━━━[0m[37m━━━━━━━━[0m [1m35s[0m 1s/step - event_output_acc: 0.6306 - event_output_loss: 0.1285 - loss: 0.1797 - time_output_loss: 0.1010 - time_output_mae: 0.7086 - time_output_mae_sec: 4.9765[1m43/67[0m [32m━━━━━━━━━━━━[0m[37m━━━━━━━━[0m [1m33s[0m 1s/step - event_output_acc: 0.6307 - event_output_loss: 0.1302 - loss: 0.1817 - time_output_loss: 0.1016 - time_output_mae: 0.7063 - time_output_mae_sec: 4.9604[1m44/67[0m [32m━━━━━━━━━━━━━[0m[37m━━━━━━━[0m [1m32s[0m 1s/step - event_output_acc: 0.6308 - event_output_loss: 0.1319 - loss: 0.1837 - time_output_loss: 0.1023 - time_output_mae: 0.7040 - time_output_mae_sec: 4.9446[1m45/67[0m [32m━━━━━━━━━━━━━[0m[37m━━━━━━━[0m [1m30s[0m 1s/step - event_output_acc: 0.6309 - event_output_loss: 0.1336 - loss: 0.1858 - time_output_loss: 0.1030 - time_output_mae: 0.7018 - time_output_mae_sec: 4.9293[1m46/67[0m [32m━━━━━━━━━━━━━[0m[37m━━━━━━━[0m [1m29s[0m 1s/step - event_output_acc: 0.6310 - event_output_loss: 0.1354 - loss: 0.1879 - time_output_loss: 0.1037 - time_output_mae: 0.6997 - time_output_mae_sec: 4.9143[1m47/67[0m [32m━━━━━━━━━━━━━━[0m[37m━━━━━━[0m [1m28s[0m 1s/step - event_output_acc: 0.6311 - event_output_loss: 0.1371 - loss: 0.1900 - time_output_loss: 0.1044 - time_output_mae: 0.6976 - time_output_mae_sec: 4.8998[1m48/67[0m [32m━━━━━━━━━━━━━━[0m[37m━━━━━━[0m [1m26s[0m 1s/step - event_output_acc: 0.6311 - event_output_loss: 0.1389 - loss: 0.1921 - time_output_loss: 0.1051 - time_output_mae: 0.6956 - time_output_mae_sec: 4.8856[1m49/67[0m [32m━━━━━━━━━━━━━━[0m[37m━━━━━━[0m [1m25s[0m 1s/step - event_output_acc: 0.6312 - event_output_loss: 0.1407 - loss: 0.1942 - time_output_loss: 0.1058 - time_output_mae: 0.6937 - time_output_mae_sec: 4.8718[1m50/67[0m [32m━━━━━━━━━━━━━━[0m[37m━━━━━━[0m [1m23s[0m 1s/step - event_output_acc: 0.6313 - event_output_loss: 0.1425 - loss: 0.1964 - time_output_loss: 0.1066 - time_output_mae: 0.6917 - time_output_mae_sec: 4.8583[1m51/67[0m [32m━━━━━━━━━━━━━━━[0m[37m━━━━━[0m [1m22s[0m 1s/step - event_output_acc: 0.6313 - event_output_loss: 0.1443 - loss: 0.1986 - time_output_loss: 0.1074 - time_output_mae: 0.6899 - time_output_mae_sec: 4.8453[1m52/67[0m [32m━━━━━━━━━━━━━━━[0m[37m━━━━━[0m [1m21s[0m 1s/step - event_output_acc: 0.6314 - event_output_loss: 0.1462 - loss: 0.2009 - time_output_loss: 0.1082 - time_output_mae: 0.6881 - time_output_mae_sec: 4.8329[1m53/67[0m [32m━━━━━━━━━━━━━━━[0m[37m━━━━━[0m [1m19s[0m 1s/step - event_output_acc: 0.6314 - event_output_loss: 0.1480 - loss: 0.2032 - time_output_loss: 0.1090 - time_output_mae: 0.6865 - time_output_mae_sec: 4.8213[1m54/67[0m [32m━━━━━━━━━━━━━━━━[0m[37m━━━━[0m [1m18s[0m 1s/step - event_output_acc: 0.6315 - event_output_loss: 0.1499 - loss: 0.2054 - time_output_loss: 0.1099 - time_output_mae: 0.6850 - time_output_mae_sec: 4.8107[1m55/67[0m [32m━━━━━━━━━━━━━━━━[0m[37m━━━━[0m [1m16s[0m 1s/step - event_output_acc: 0.6315 - event_output_loss: 0.1517 - loss: 0.2077 - time_output_loss: 0.1108 - time_output_mae: 0.6835 - time_output_mae_sec: 4.8003[1m56/67[0m [32m━━━━━━━━━━━━━━━━[0m[37m━━━━[0m [1m15s[0m 1s/step - event_output_acc: 0.6316 - event_output_loss: 0.1536 - loss: 0.2100 - time_output_loss: 0.1117 - time_output_mae: 0.6820 - time_output_mae_sec: 4.7902[1m57/67[0m [32m━━━━━━━━━━━━━━━━━[0m[37m━━━[0m [1m14s[0m 1s/step - event_output_acc: 0.6316 - event_output_loss: 0.1554 - loss: 0.2123 - time_output_loss: 0.1126 - time_output_mae: 0.6807 - time_output_mae_sec: 4.7807[1m58/67[0m [32m━━━━━━━━━━━━━━━━━[0m[37m━━━[0m [1m12s[0m 1s/step - event_output_acc: 0.6316 - event_output_loss: 0.1573 - loss: 0.2146 - time_output_loss: 0.1135 - time_output_mae: 0.6794 - time_output_mae_sec: 4.7718[1m59/67[0m [32m━━━━━━━━━━━━━━━━━[0m[37m━━━[0m [1m11s[0m 1s/step - event_output_acc: 0.6317 - event_output_loss: 0.1591 - loss: 0.2169 - time_output_loss: 0.1144 - time_output_mae: 0.6782 - time_output_mae_sec: 4.7633[1m60/67[0m [32m━━━━━━━━━━━━━━━━━[0m[37m━━━[0m [1m9s[0m 1s/step - event_output_acc: 0.6317 - event_output_loss: 0.1609 - loss: 0.2192 - time_output_loss: 0.1153 - time_output_mae: 0.6770 - time_output_mae_sec: 4.7549 [1m61/67[0m [32m━━━━━━━━━━━━━━━━━━[0m[37m━━[0m [1m8s[0m 1s/step - event_output_acc: 0.6317 - event_output_loss: 0.1627 - loss: 0.2214 - time_output_loss: 0.1163 - time_output_mae: 0.6759 - time_output_mae_sec: 4.7469[1m62/67[0m [32m━━━━━━━━━━━━━━━━━━[0m[37m━━[0m [1m7s[0m 1s/step - event_output_acc: 0.6317 - event_output_loss: 0.1645 - loss: 0.2237 - time_output_loss: 0.1172 - time_output_mae: 0.6748 - time_output_mae_sec: 4.7392[1m63/67[0m [32m━━━━━━━━━━━━━━━━━━[0m[37m━━[0m [1m5s[0m 1s/step - event_output_acc: 0.6318 - event_output_loss: 0.1663 - loss: 0.2259 - time_output_loss: 0.1181 - time_output_mae: 0.6737 - time_output_mae_sec: 4.7315[1m64/67[0m [32m━━━━━━━━━━━━━━━━━━━[0m[37m━[0m [1m4s[0m 1s/step - event_output_acc: 0.6318 - event_output_loss: 0.1681 - loss: 0.2282 - time_output_loss: 0.1190 - time_output_mae: 0.6726 - time_output_mae_sec: 4.7242[1m65/67[0m [32m━━━━━━━━━━━━━━━━━━━[0m[37m━[0m [1m2s[0m 1s/step - event_output_acc: 0.6318 - event_output_loss: 0.1698 - loss: 0.2304 - time_output_loss: 0.1199 - time_output_mae: 0.6716 - time_output_mae_sec: 4.7170[1m66/67[0m [32m━━━━━━━━━━━━━━━━━━━[0m[37m━[0m [1m1s[0m 1s/step - event_output_acc: 0.6318 - event_output_loss: 0.1716 - loss: 0.2325 - time_output_loss: 0.1208 - time_output_mae: 0.6706 - time_output_mae_sec: 4.7099[1m67/67[0m [32m━━━━━━━━━━━━━━━━━━━━[0m[37m[0m [1m0s[0m 1s/step - event_output_acc: 0.6318 - event_output_loss: 0.1733 - loss: 0.2347 - time_output_loss: 0.1217 - time_output_mae: 0.6696 - time_output_mae_sec: 4.7030[1m67/67[0m [32m━━━━━━━━━━━━━━━━━━━━[0m[37m[0m [1m105s[0m 2s/step - event_output_acc: 0.6330 - event_output_loss: 0.2871 - loss: 0.3769 - time_output_loss: 0.1803 - time_output_mae: 0.6046 - time_output_mae_sec: 4.2466 - val_event_output_acc: 0.6344 - val_event_output_loss: 0.1890 - val_loss: 0.2367 - val_time_output_loss: 0.1055 - val_time_output_mae: 0.5528 - val_time_output_mae_sec: 3.8825 - scheduled_sampling_p: 0.0000e+00
Epoch 3/50
[1m 1/67[0m [37m━━━━━━━━━━━━━━━━━━━━[0m [1m1:58[0m 2s/step - event_output_acc: 0.6290 - event_output_loss: 0.0665 - loss: 0.0872 - time_output_loss: 0.0414 - time_output_mae: 0.6050 - time_output_mae_sec: 4.2494[1m 2/67[0m [37m━━━━━━━━━━━━━━━━━━━━[0m [1m1:30[0m 1s/step - event_output_acc: 0.6305 - event_output_loss: 0.0683 - loss: 0.0908 - time_output_loss: 0.0448 - time_output_mae: 0.6314 - time_output_mae_sec: 4.4348[1m 3/67[0m [37m━━━━━━━━━━━━━━━━━━━━[0m [1m1:29[0m 1s/step - event_output_acc: 0.6316 - event_output_loss: 0.0693 - loss: 0.0932 - time_output_loss: 0.0476 - time_output_mae: 0.6519 - time_output_mae_sec: 4.5786[1m 4/67[0m [32m━[0m[37m━━━━━━━━━━━━━━━━━━━[0m [1m1:27[0m 1s/step - event_output_acc: 0.6327 - event_output_loss: 0.0705 - loss: 0.0953 - time_output_loss: 0.0494 - time_output_mae: 0.6613 - time_output_mae_sec: 4.6448[1m 5/67[0m [32m━[0m[37m━━━━━━━━━━━━━━━━━━━[0m [1m1:27[0m 1s/step - event_output_acc: 0.6332 - event_output_loss: 0.0717 - loss: 0.0969 - time_output_loss: 0.0503 - time_output_mae: 0.6618 - time_output_mae_sec: 4.6483[1m 6/67[0m [32m━[0m[37m━━━━━━━━━━━━━━━━━━━[0m [1m1:25[0m 1s/step - event_output_acc: 0.6332 - event_output_loss: 0.0726 - loss: 0.0981 - time_output_loss: 0.0509 - time_output_mae: 0.6600 - time_output_mae_sec: 4.6351[1m 7/67[0m [32m━━[0m[37m━━━━━━━━━━━━━━━━━━[0m [1m1:24[0m 1s/step - event_output_acc: 0.6334 - event_output_loss: 0.0736 - loss: 0.0994 - time_output_loss: 0.0515 - time_output_mae: 0.6586 - time_output_mae_sec: 4.6256[1m 8/67[0m [32m━━[0m[37m━━━━━━━━━━━━━━━━━━[0m [1m1:23[0m 1s/step - event_output_acc: 0.6334 - event_output_loss: 0.0746 - loss: 0.1008 - time_output_loss: 0.0523 - time_output_mae: 0.6574 - time_output_mae_sec: 4.6169[1m 9/67[0m [32m━━[0m[37m━━━━━━━━━━━━━━━━━━[0m [1m1:22[0m 1s/step - event_output_acc: 0.6334 - event_output_loss: 0.0756 - loss: 0.1021 - time_output_loss: 0.0528 - time_output_mae: 0.6553 - time_output_mae_sec: 4.6022[1m10/67[0m [32m━━[0m[37m━━━━━━━━━━━━━━━━━━[0m [1m1:20[0m 1s/step - event_output_acc: 0.6334 - event_output_loss: 0.0767 - loss: 0.1034 - time_output_loss: 0.0533 - time_output_mae: 0.6529 - time_output_mae_sec: 4.5857[1m11/67[0m [32m━━━[0m[37m━━━━━━━━━━━━━━━━━[0m [1m1:19[0m 1s/step - event_output_acc: 0.6334 - event_output_loss: 0.0777 - loss: 0.1047 - time_output_loss: 0.0539 - time_output_mae: 0.6508 - time_output_mae_sec: 4.5705[1m12/67[0m [32m━━━[0m[37m━━━━━━━━━━━━━━━━━[0m [1m1:17[0m 1s/step - event_output_acc: 0.6335 - event_output_loss: 0.0788 - loss: 0.1061 - time_output_loss: 0.0545 - time_output_mae: 0.6484 - time_output_mae_sec: 4.5543[1m13/67[0m [32m━━━[0m[37m━━━━━━━━━━━━━━━━━[0m [1m1:16[0m 1s/step - event_output_acc: 0.6336 - event_output_loss: 0.0799 - loss: 0.1075 - time_output_loss: 0.0550 - time_output_mae: 0.6460 - time_output_mae_sec: 4.5371[1m14/67[0m [32m━━━━[0m[37m━━━━━━━━━━━━━━━━[0m [1m1:14[0m 1s/step - event_output_acc: 0.6338 - event_output_loss: 0.0811 - loss: 0.1089 - time_output_loss: 0.0556 - time_output_mae: 0.6436 - time_output_mae_sec: 4.5201[1m15/67[0m [32m━━━━[0m[37m━━━━━━━━━━━━━━━━[0m [1m1:13[0m 1s/step - event_output_acc: 0.6338 - event_output_loss: 0.0823 - loss: 0.1105 - time_output_loss: 0.0562 - time_output_mae: 0.6412 - time_output_mae_sec: 4.5034[1m16/67[0m [32m━━━━[0m[37m━━━━━━━━━━━━━━━━[0m [1m1:12[0m 1s/step - event_output_acc: 0.6339 - event_output_loss: 0.0835 - loss: 0.1120 - time_output_loss: 0.0568 - time_output_mae: 0.6388 - time_output_mae_sec: 4.4866[1m17/67[0m [32m━━━━━[0m[37m━━━━━━━━━━━━━━━[0m [1m1:10[0m 1s/step - event_output_acc: 0.6340 - event_output_loss: 0.0847 - loss: 0.1135 - time_output_loss: 0.0574 - time_output_mae: 0.6366 - time_output_mae_sec: 4.4712[1m18/67[0m [32m━━━━━[0m[37m━━━━━━━━━━━━━━━[0m [1m1:09[0m 1s/step - event_output_acc: 0.6341 - event_output_loss: 0.0860 - loss: 0.1151 - time_output_loss: 0.0580 - time_output_mae: 0.6346 - time_output_mae_sec: 4.4571[1m19/67[0m [32m━━━━━[0m[37m━━━━━━━━━━━━━━━[0m [1m1:07[0m 1s/step - event_output_acc: 0.6341 - event_output_loss: 0.0873 - loss: 0.1167 - time_output_loss: 0.0586 - time_output_mae: 0.6326 - time_output_mae_sec: 4.4430[1m20/67[0m [32m━━━━━[0m[37m━━━━━━━━━━━━━━━[0m [1m1:06[0m 1s/step - event_output_acc: 0.6342 - event_output_loss: 0.0885 - loss: 0.1182 - time_output_loss: 0.0592 - time_output_mae: 0.6306 - time_output_mae_sec: 4.4290[1m21/67[0m [32m━━━━━━[0m[37m━━━━━━━━━━━━━━[0m [1m1:04[0m 1s/step - event_output_acc: 0.6343 - event_output_loss: 0.0899 - loss: 0.1199 - time_output_loss: 0.0599 - time_output_mae: 0.6286 - time_output_mae_sec: 4.4151[1m22/67[0m [32m━━━━━━[0m[37m━━━━━━━━━━━━━━[0m [1m1:03[0m 1s/step - event_output_acc: 0.6343 - event_output_loss: 0.0912 - loss: 0.1215 - time_output_loss: 0.0605 - time_output_mae: 0.6267 - time_output_mae_sec: 4.4014[1m23/67[0m [32m━━━━━━[0m[37m━━━━━━━━━━━━━━[0m [1m1:02[0m 1s/step - event_output_acc: 0.6344 - event_output_loss: 0.0925 - loss: 0.1232 - time_output_loss: 0.0611 - time_output_mae: 0.6248 - time_output_mae_sec: 4.3880[1m24/67[0m [32m━━━━━━━[0m[37m━━━━━━━━━━━━━[0m [1m1:00[0m 1s/step - event_output_acc: 0.6345 - event_output_loss: 0.0939 - loss: 0.1248 - time_output_loss: 0.0617 - time_output_mae: 0.6229 - time_output_mae_sec: 4.3752[1m25/67[0m [32m━━━━━━━[0m[37m━━━━━━━━━━━━━[0m [1m59s[0m 1s/step - event_output_acc: 0.6346 - event_output_loss: 0.0952 - loss: 0.1265 - time_output_loss: 0.0624 - time_output_mae: 0.6212 - time_output_mae_sec: 4.3626 [1m26/67[0m [32m━━━━━━━[0m[37m━━━━━━━━━━━━━[0m [1m57s[0m 1s/step - event_output_acc: 0.6346 - event_output_loss: 0.0966 - loss: 0.1282 - time_output_loss: 0.0630 - time_output_mae: 0.6194 - time_output_mae_sec: 4.3505[1m27/67[0m [32m━━━━━━━━[0m[37m━━━━━━━━━━━━[0m [1m56s[0m 1s/step - event_output_acc: 0.6346 - event_output_loss: 0.0980 - loss: 0.1299 - time_output_loss: 0.0636 - time_output_mae: 0.6177 - time_output_mae_sec: 4.3386[1m28/67[0m [32m━━━━━━━━[0m[37m━━━━━━━━━━━━[0m [1m54s[0m 1s/step - event_output_acc: 0.6347 - event_output_loss: 0.0994 - loss: 0.1317 - time_output_loss: 0.0643 - time_output_mae: 0.6161 - time_output_mae_sec: 4.3271[1m29/67[0m [32m━━━━━━━━[0m[37m━━━━━━━━━━━━[0m [1m53s[0m 1s/step - event_output_acc: 0.6347 - event_output_loss: 0.1009 - loss: 0.1334 - time_output_loss: 0.0650 - time_output_mae: 0.6145 - time_output_mae_sec: 4.3160[1m30/67[0m [32m━━━━━━━━[0m[37m━━━━━━━━━━━━[0m [1m52s[0m 1s/step - event_output_acc: 0.6348 - event_output_loss: 0.1023 - loss: 0.1352 - time_output_loss: 0.0656 - time_output_mae: 0.6130 - time_output_mae_sec: 4.3052[1m31/67[0m [32m━━━━━━━━━[0m[37m━━━━━━━━━━━[0m [1m50s[0m 1s/step - event_output_acc: 0.6348 - event_output_loss: 0.1038 - loss: 0.1370 - time_output_loss: 0.0663 - time_output_mae: 0.6115 - time_output_mae_sec: 4.2948[1m32/67[0m [32m━━━━━━━━━[0m[37m━━━━━━━━━━━[0m [1m49s[0m 1s/step - event_output_acc: 0.6349 - event_output_loss: 0.1052 - loss: 0.1388 - time_output_loss: 0.0670 - time_output_mae: 0.6100 - time_output_mae_sec: 4.2846[1m33/67[0m [32m━━━━━━━━━[0m[37m━━━━━━━━━━━[0m [1m47s[0m 1s/step - event_output_acc: 0.6349 - event_output_loss: 0.1068 - loss: 0.1407 - time_output_loss: 0.0677 - time_output_mae: 0.6086 - time_output_mae_sec: 4.2745[1m34/67[0m [32m━━━━━━━━━━[0m[37m━━━━━━━━━━[0m [1m46s[0m 1s/step - event_output_acc: 0.6350 - event_output_loss: 0.1083 - loss: 0.1426 - time_output_loss: 0.0684 - time_output_mae: 0.6072 - time_output_mae_sec: 4.2649[1m35/67[0m [32m━━━━━━━━━━[0m[37m━━━━━━━━━━[0m [1m45s[0m 1s/step - event_output_acc: 0.6350 - event_output_loss: 0.1098 - loss: 0.1445 - time_output_loss: 0.0692 - time_output_mae: 0.6059 - time_output_mae_sec: 4.2554[1m36/67[0m [32m━━━━━━━━━━[0m[37m━━━━━━━━━━[0m [1m43s[0m 1s/step - event_output_acc: 0.6351 - event_output_loss: 0.1114 - loss: 0.1464 - time_output_loss: 0.0699 - time_output_mae: 0.6046 - time_output_mae_sec: 4.2463[1m37/67[0m [32m━━━━━━━━━━━[0m[37m━━━━━━━━━[0m [1m42s[0m 1s/step - event_output_acc: 0.6351 - event_output_loss: 0.1130 - loss: 0.1484 - time_output_loss: 0.0707 - time_output_mae: 0.6033 - time_output_mae_sec: 4.2375[1m38/67[0m [32m━━━━━━━━━━━[0m[37m━━━━━━━━━[0m [1m40s[0m 1s/step - event_output_acc: 0.6351 - event_output_loss: 0.1146 - loss: 0.1504 - time_output_loss: 0.0714 - time_output_mae: 0.6021 - time_output_mae_sec: 4.2290[1m39/67[0m [32m━━━━━━━━━━━[0m[37m━━━━━━━━━[0m [1m39s[0m 1s/step - event_output_acc: 0.6352 - event_output_loss: 0.1162 - loss: 0.1524 - time_output_loss: 0.0722 - time_output_mae: 0.6010 - time_output_mae_sec: 4.2207[1m40/67[0m [32m━━━━━━━━━━━[0m[37m━━━━━━━━━[0m [1m38s[0m 1s/step - event_output_acc: 0.6352 - event_output_loss: 0.1179 - loss: 0.1545 - time_output_loss: 0.0730 - time_output_mae: 0.5998 - time_output_mae_sec: 4.2126[1m41/67[0m [32m━━━━━━━━━━━━[0m[37m━━━━━━━━[0m [1m36s[0m 1s/step - event_output_acc: 0.6352 - event_output_loss: 0.1196 - loss: 0.1565 - time_output_loss: 0.0738 - time_output_mae: 0.5987 - time_output_mae_sec: 4.2048[1m42/67[0m [32m━━━━━━━━━━━━[0m[37m━━━━━━━━[0m [1m35s[0m 1s/step - event_output_acc: 0.6353 - event_output_loss: 0.1212 - loss: 0.1586 - time_output_loss: 0.0746 - time_output_mae: 0.5976 - time_output_mae_sec: 4.1972[1m43/67[0m [32m━━━━━━━━━━━━[0m[37m━━━━━━━━[0m [1m33s[0m 1s/step - event_output_acc: 0.6353 - event_output_loss: 0.1229 - loss: 0.1607 - time_output_loss: 0.0754 - time_output_mae: 0.5966 - time_output_mae_sec: 4.1898[1m44/67[0m [32m━━━━━━━━━━━━━[0m[37m━━━━━━━[0m [1m32s[0m 1s/step - event_output_acc: 0.6353 - event_output_loss: 0.1246 - loss: 0.1628 - time_output_loss: 0.0763 - time_output_mae: 0.5955 - time_output_mae_sec: 4.1826[1m45/67[0m [32m━━━━━━━━━━━━━[0m[37m━━━━━━━[0m [1m31s[0m 1s/step - event_output_acc: 0.6353 - event_output_loss: 0.1263 - loss: 0.1649 - time_output_loss: 0.0771 - time_output_mae: 0.5945 - time_output_mae_sec: 4.1756[1m46/67[0m [32m━━━━━━━━━━━━━[0m[37m━━━━━━━[0m [1m29s[0m 1s/step - event_output_acc: 0.6354 - event_output_loss: 0.1280 - loss: 0.1671 - time_output_loss: 0.0779 - time_output_mae: 0.5936 - time_output_mae_sec: 4.1688[1m47/67[0m [32m━━━━━━━━━━━━━━[0m[37m━━━━━━[0m [1m28s[0m 1s/step - event_output_acc: 0.6354 - event_output_loss: 0.1298 - loss: 0.1692 - time_output_loss: 0.0788 - time_output_mae: 0.5926 - time_output_mae_sec: 4.1621[1m48/67[0m [32m━━━━━━━━━━━━━━[0m[37m━━━━━━[0m [1m26s[0m 1s/step - event_output_acc: 0.6354 - event_output_loss: 0.1315 - loss: 0.1714 - time_output_loss: 0.0796 - time_output_mae: 0.5917 - time_output_mae_sec: 4.1556[1m49/67[0m [32m━━━━━━━━━━━━━━[0m[37m━━━━━━[0m [1m25s[0m 1s/step - event_output_acc: 0.6354 - event_output_loss: 0.1333 - loss: 0.1736 - time_output_loss: 0.0805 - time_output_mae: 0.5908 - time_output_mae_sec: 4.1493[1m50/67[0m [32m━━━━━━━━━━━━━━[0m[37m━━━━━━[0m [1m24s[0m 1s/step - event_output_acc: 0.6355 - event_output_loss: 0.1351 - loss: 0.1758 - time_output_loss: 0.0814 - time_output_mae: 0.5899 - time_output_mae_sec: 4.1431[1m51/67[0m [32m━━━━━━━━━━━━━━━[0m[37m━━━━━[0m [1m22s[0m 1s/step - event_output_acc: 0.6355 - event_output_loss: 0.1369 - loss: 0.1781 - time_output_loss: 0.0823 - time_output_mae: 0.5891 - time_output_mae_sec: 4.1371[1m52/67[0m [32m━━━━━━━━━━━━━━━[0m[37m━━━━━[0m [1m21s[0m 1s/step - event_output_acc: 0.6355 - event_output_loss: 0.1387 - loss: 0.1803 - time_output_loss: 0.0832 - time_output_mae: 0.5882 - time_output_mae_sec: 4.1313[1m53/67[0m [32m━━━━━━━━━━━━━━━[0m[37m━━━━━[0m [1m19s[0m 1s/step - event_output_acc: 0.6355 - event_output_loss: 0.1405 - loss: 0.1826 - time_output_loss: 0.0841 - time_output_mae: 0.5874 - time_output_mae_sec: 4.1256[1m54/67[0m [32m━━━━━━━━━━━━━━━━[0m[37m━━━━[0m [1m18s[0m 1s/step - event_output_acc: 0.6355 - event_output_loss: 0.1424 - loss: 0.1849 - time_output_loss: 0.0850 - time_output_mae: 0.5866 - time_output_mae_sec: 4.1201[1m55/67[0m [32m━━━━━━━━━━━━━━━━[0m[37m━━━━[0m [1m16s[0m 1s/step - event_output_acc: 0.6355 - event_output_loss: 0.1442 - loss: 0.1872 - time_output_loss: 0.0859 - time_output_mae: 0.5859 - time_output_mae_sec: 4.1147[1m56/67[0m [32m━━━━━━━━━━━━━━━━[0m[37m━━━━[0m [1m15s[0m 1s/step - event_output_acc: 0.6355 - event_output_loss: 0.1460 - loss: 0.1895 - time_output_loss: 0.0868 - time_output_mae: 0.5851 - time_output_mae_sec: 4.1095[1m57/67[0m [32m━━━━━━━━━━━━━━━━━[0m[37m━━━[0m [1m14s[0m 1s/step - event_output_acc: 0.6355 - event_output_loss: 0.1479 - loss: 0.1918 - time_output_loss: 0.0877 - time_output_mae: 0.5844 - time_output_mae_sec: 4.1044[1m58/67[0m [32m━━━━━━━━━━━━━━━━━[0m[37m━━━[0m [1m12s[0m 1s/step - event_output_acc: 0.6354 - event_output_loss: 0.1497 - loss: 0.1941 - time_output_loss: 0.0886 - time_output_mae: 0.5837 - time_output_mae_sec: 4.0995[1m59/67[0m [32m━━━━━━━━━━━━━━━━━[0m[37m━━━[0m [1m11s[0m 1s/step - event_output_acc: 0.6354 - event_output_loss: 0.1515 - loss: 0.1963 - time_output_loss: 0.0895 - time_output_mae: 0.5830 - time_output_mae_sec: 4.0947[1m60/67[0m [32m━━━━━━━━━━━━━━━━━[0m[37m━━━[0m [1m9s[0m 1s/step - event_output_acc: 0.6354 - event_output_loss: 0.1533 - loss: 0.1986 - time_output_loss: 0.0904 - time_output_mae: 0.5823 - time_output_mae_sec: 4.0900 [1m61/67[0m [32m━━━━━━━━━━━━━━━━━━[0m[37m━━[0m [1m8s[0m 1s/step - event_output_acc: 0.6354 - event_output_loss: 0.1551 - loss: 0.2009 - time_output_loss: 0.0913 - time_output_mae: 0.5817 - time_output_mae_sec: 4.0855[1m62/67[0m [32m━━━━━━━━━━━━━━━━━━[0m[37m━━[0m [1m7s[0m 1s/step - event_output_acc: 0.6354 - event_output_loss: 0.1570 - loss: 0.2031 - time_output_loss: 0.0922 - time_output_mae: 0.5811 - time_output_mae_sec: 4.0811[1m63/67[0m [32m━━━━━━━━━━━━━━━━━━[0m[37m━━[0m [1m5s[0m 1s/step - event_output_acc: 0.6353 - event_output_loss: 0.1588 - loss: 0.2054 - time_output_loss: 0.0931 - time_output_mae: 0.5805 - time_output_mae_sec: 4.0767[1m64/67[0m [32m━━━━━━━━━━━━━━━━━━━[0m[37m━[0m [1m4s[0m 1s/step - event_output_acc: 0.6353 - event_output_loss: 0.1605 - loss: 0.2076 - time_output_loss: 0.0940 - time_output_mae: 0.5798 - time_output_mae_sec: 4.0725[1m65/67[0m [32m━━━━━━━━━━━━━━━━━━━[0m[37m━[0m [1m2s[0m 1s/step - event_output_acc: 0.6353 - event_output_loss: 0.1623 - loss: 0.2098 - time_output_loss: 0.0949 - time_output_mae: 0.5793 - time_output_mae_sec: 4.0683[1m66/67[0m [32m━━━━━━━━━━━━━━━━━━━[0m[37m━[0m [1m1s[0m 1s/step - event_output_acc: 0.6353 - event_output_loss: 0.1641 - loss: 0.2120 - time_output_loss: 0.0958 - time_output_mae: 0.5787 - time_output_mae_sec: 4.0643[1m67/67[0m [32m━━━━━━━━━━━━━━━━━━━━[0m[37m[0m [1m0s[0m 1s/step - event_output_acc: 0.6352 - event_output_loss: 0.1658 - loss: 0.2142 - time_output_loss: 0.0967 - time_output_mae: 0.5781 - time_output_mae_sec: 4.0604WARNING:tensorflow:5 out of the last 5 calls to <function _compiled_forward.<locals>.<lambda> at 0x76a2bc44eca0> triggered tf.function retracing. Tracing is expensive and the excessive number of tracings could be due to (1) creating @tf.function repeatedly in a loop, (2) passing tensors with different shapes, (3) passing Python objects instead of tensors. For (1), please define your @tf.function outside of the loop. For (2), @tf.function has reduce_retracing=True option that can avoid unnecessary retracing. For (3), please refer to https://www.tensorflow.org/guide/function#controlling_retracing and https://www.tensorflow.org/api_docs/python/tf/function for  more details.
WARNING:tensorflow:6 out of the last 6 calls to <function _compiled_forward.<locals>.<lambda> at 0x76a2fc3dce00> triggered tf.function retracing. Tracing is expensive and the excessive number of tracings could be due to (1) creating @tf.function repeatedly in a loop, (2) passing tensors with different shapes, (3) passing Python objects instead of tensors. For (1), please define your @tf.function outside of the loop. For (2), @tf.function has reduce_retracing=True option that can avoid unnecessary retracing. For (3), please refer to https://www.tensorflow.org/guide/function#controlling_retracing and https://www.tensorflow.org/api_docs/python/tf/function for  more details.
[rollout] scoring 20 games x 10 sims every 3 epochs, compiled inference, budget 25 min/evaluation.
[rollout] epoch 3: 1/200 sims, 15.2 min elapsed, ~3050 min projected
[rollout] epoch 3: 5/200 sims, 16.3 min elapsed, ~650 min projected
[rollout] epoch 3: 29/200 sims, 17.3 min elapsed, ~119 min projected
[rollout] epoch 3: 47/200 sims, 18.5 min elapsed, ~79 min projected
[rollout] epoch 3: 49/200 sims, 30.9 min elapsed, ~126 min projected
[rollout] epoch 3: 57/200 sims, 32.0 min elapsed, ~112 min projected
[rollout] epoch 3: 74/200 sims, 33.0 min elapsed, ~89 min projected
[rollout] epoch 3: 93/200 sims, 34.0 min elapsed, ~73 min projected
[rollout] epoch 3: 97/200 sims, 45.8 min elapsed, ~95 min projected
[rollout] epoch 3: 109/200 sims, 47.0 min elapsed, ~86 min projected
[rollout] epoch 3: 126/200 sims, 48.0 min elapsed, ~76 min projected
[rollout] epoch 3: 142/200 sims, 49.0 min elapsed, ~69 min projected
[rollout] epoch 3: 145/200 sims, 60.4 min elapsed, ~83 min projected
[rollout] epoch 3: 150/200 sims, 61.6 min elapsed, ~82 min projected
[rollout] epoch 3: 159/200 sims, 62.6 min elapsed, ~79 min projected
[rollout] epoch 3: 183/200 sims, 63.7 min elapsed, ~70 min projected
[rollout] epoch 3: 192/200 sims, 65.8 min elapsed, ~69 min projected
[rollout] epoch 3: 193/200 sims, 68.1 min elapsed, ~71 min projected
Traceback (most recent call last):
  File "/workspace/CourtVisionIQ/train.py", line 103, in <module>
    main()
  File "/workspace/CourtVisionIQ/train.py", line 88, in main
    run.retrain_model(args.model, batch_size=args.batch_size)
  File "/workspace/CourtVisionIQ/training/full_run.py", line 588, in retrain_model
    run_stage(
  File "/workspace/CourtVisionIQ/models/pipeline.py", line 246, in run_stage
    _train(et, EventTimeModel.KEY)
  File "/workspace/CourtVisionIQ/models/pipeline.py", line 235, in _train
    model.train(epochs=epochs, batch_size=bs, lr=lr, patience=patience,
  File "/workspace/CourtVisionIQ/models/event_time_model.py", line 901, in train
    history = model.fit(
              ^^^^^^^^^^
  File "/workspace/CourtVisionIQ/.venv/lib/python3.11/site-packages/keras/src/utils/traceback_utils.py", line 122, in error_handler
    raise e.with_traceback(filtered_tb) from None
  File "/workspace/CourtVisionIQ/models/rollout_selection.py", line 179, in on_epoch_end
    score = score_fn(epoch)
            ^^^^^^^^^^^^^^^
  File "/workspace/CourtVisionIQ/models/rollout_bridge.py", line 256, in score_fn
    _check_budget((time.monotonic() - started) / 60.0, epoch)
  File "/workspace/CourtVisionIQ/models/rollout_bridge.py", line 106, in _check_budget
    raise RolloutBudgetExceeded(
models.rollout_bridge.RolloutBudgetExceeded: rollout evaluation at epoch 3 took 68.7 min, over the 25 min budget (config.ROLLOUT_EVAL_BUDGET_MIN). At one evaluation every 3 epochs that is ~22.9 min of selection per epoch for the rest of the run. Stopping now with the number rather than discovering it overnight. Either raise the budget deliberately, or cut ROLLOUT_EVAL_GAMES / ROLLOUT_EVAL_SIMS, or raise ROLLOUT_EVAL_EVERY.
