nohup: ignoring input
2026-09-23 01:11:57.504218: I tensorflow/core/util/port.cc:153] oneDNN custom operations are on. You may see slightly different numerical results due to floating-point round-off errors from different computation orders. To turn them off, set the environment variable `TF_ENABLE_ONEDNN_OPTS=0`.
2026-09-23 01:11:59.227218: I tensorflow/core/platform/cpu_feature_guard.cc:210] This TensorFlow binary is optimized to use available CPU instructions in performance-critical operations.
To enable the following instructions: AVX2 AVX512F AVX512_VNNI AVX512_BF16 FMA, in other operations, rebuild TensorFlow with the appropriate compiler flags.
2026-09-23 01:12:09.826345: I tensorflow/core/util/port.cc:153] oneDNN custom operations are on. You may see slightly different numerical results due to floating-point round-off errors from different computation orders. To turn them off, set the environment variable `TF_ENABLE_ONEDNN_OPTS=0`.
WARNING: All log messages before absl::InitializeLog() is called are written to STDERR
I0000 00:00:1790127356.876046  273077 gpu_device.cc:2020] Created device /job:localhost/replica:0/task:0/device:GPU:0 with 43500 MB memory:  -> device: 0, name: NVIDIA L40S, pci bus id: 0000:84:00.0, compute capability: 8.9
2026-09-23 01:36:03.707122: E tensorflow/core/util/util.cc:131] oneDNN supports DT_HALF only on platforms with AVX-512. Falling back to the default Eigen-based implementation if present.

======================================================================
[retrain] subset heads ['event_time', 'event_time_cond', 'player', 'shot_type', 'shot_result', 'assist_type', 'turnover_type', 'foul_type', 'rebound_type', 'timeout_team', 'substitution', 'sub_decision']
[retrain]   -> 4274 games, every head
======================================================================
[retrain] 'event_time' only -> ./artifacts/version3.2/event_time (other heads left in place)
[retrain] batch 64
Preprocessed 4274 train / 3167 test / 700 holdout games -> data/processed (SEQ=600)

======================================================================
[stage] training 'event_time' (fresh init, batch 64)
======================================================================
Training on GPU x1
Model: "EventTimeModel"
┏━━━━━━━━━━━━━━━━━━━━━┳━━━━━━━━━━━━━━━━━━━┳━━━━━━━━━━━━┳━━━━━━━━━━━━━━━━━━━┓
┃ Layer (type)        ┃ Output Shape      ┃    Param # ┃ Connected to      ┃
┡━━━━━━━━━━━━━━━━━━━━━╇━━━━━━━━━━━━━━━━━━━╇━━━━━━━━━━━━╇━━━━━━━━━━━━━━━━━━━┩
│ prior_home          │ (None, 600, 5,    │          0 │ -                 │
│ (InputLayer)        │ 17)               │            │                   │
├─────────────────────┼───────────────────┼────────────┼───────────────────┤
│ prior_away          │ (None, 600, 5,    │          0 │ -                 │
│ (InputLayer)        │ 17)               │            │                   │
├─────────────────────┼───────────────────┼────────────┼───────────────────┤
│ event (InputLayer)  │ (None, 600)       │          0 │ -                 │
├─────────────────────┼───────────────────┼────────────┼───────────────────┤
│ player (InputLayer) │ (None, 600)       │          0 │ -                 │
├─────────────────────┼───────────────────┼────────────┼───────────────────┤
│ type (InputLayer)   │ (None, 600)       │          0 │ -                 │
├─────────────────────┼───────────────────┼────────────┼───────────────────┤
│ result (InputLayer) │ (None, 600)       │          0 │ -                 │
├─────────────────────┼───────────────────┼────────────┼───────────────────┤
│ season (InputLayer) │ (None, 600)       │          0 │ -                 │
├─────────────────────┼───────────────────┼────────────┼───────────────────┤
│ secondary_player    │ (None, 600)       │          0 │ -                 │
│ (InputLayer)        │                   │            │                   │
├─────────────────────┼───────────────────┼────────────┼───────────────────┤
│ home_roster         │ (None, 600, 5)    │          0 │ -                 │
│ (InputLayer)        │                   │            │                   │
├─────────────────────┼───────────────────┼────────────┼───────────────────┤
│ rest_home           │ (None, 600, 5)    │          0 │ -                 │
│ (InputLayer)        │                   │            │                   │
├─────────────────────┼───────────────────┼────────────┼───────────────────┤
│ stint_seconds_home  │ (None, 600, 5)    │          0 │ -                 │
│ (InputLayer)        │                   │            │                   │
├─────────────────────┼───────────────────┼────────────┼───────────────────┤
│ played_seconds_home │ (None, 600, 5)    │          0 │ -                 │
│ (InputLayer)        │                   │            │                   │
├─────────────────────┼───────────────────┼────────────┼───────────────────┤
│ court_fouls_home    │ (None, 600, 5)    │          0 │ -                 │
│ (InputLayer)        │                   │            │                   │
├─────────────────────┼───────────────────┼────────────┼───────────────────┤
│ unstack (Unstack)   │ [(None, 600, 5),  │          0 │ prior_home[0][0]  │
│                     │ (None, 600, 5),   │            │                   │
│                     │ (None, 600, 5),   │            │                   │
│                     │ (None, 600, 5),   │            │                   │
│                     │ (None, 600, 5),   │            │                   │
│                     │ (None, 600, 5),   │            │                   │
│                     │ (None, 600, 5),   │            │                   │
│                     │ (None, 600, 5),   │            │                   │
│                     │ (None, 600, 5),   │            │                   │
│                     │ (None, 600, 5),   │            │                   │
│                     │ (None, 600, 5),   │            │                   │
│                     │ (None, 600, 5),   │            │                   │
│                     │ (None, 600, 5),   │            │                   │
│                     │ (None, 600, 5),   │            │                   │
│                     │ (None, 600, 5),   │            │                   │
│                     │ (None, 600, 5),   │            │                   │
│                     │ (None, 600, 5)]   │            │                   │
├─────────────────────┼───────────────────┼────────────┼───────────────────┤
│ away_roster         │ (None, 600, 5)    │          0 │ -                 │
│ (InputLayer)        │                   │            │                   │
├─────────────────────┼───────────────────┼────────────┼───────────────────┤
│ rest_away           │ (None, 600, 5)    │          0 │ -                 │
│ (InputLayer)        │                   │            │                   │
├─────────────────────┼───────────────────┼────────────┼───────────────────┤
│ stint_seconds_away  │ (None, 600, 5)    │          0 │ -                 │
│ (InputLayer)        │                   │            │                   │
├─────────────────────┼───────────────────┼────────────┼───────────────────┤
│ played_seconds_away │ (None, 600, 5)    │          0 │ -                 │
│ (InputLayer)        │                   │            │                   │
├─────────────────────┼───────────────────┼────────────┼───────────────────┤
│ court_fouls_away    │ (None, 600, 5)    │          0 │ -                 │
│ (InputLayer)        │                   │            │                   │
├─────────────────────┼───────────────────┼────────────┼───────────────────┤
│ unstack_1 (Unstack) │ [(None, 600, 5),  │          0 │ prior_away[0][0]  │
│                     │ (None, 600, 5),   │            │                   │
│                     │ (None, 600, 5),   │            │                   │
│                     │ (None, 600, 5),   │            │                   │
│                     │ (None, 600, 5),   │            │                   │
│                     │ (None, 600, 5),   │            │                   │
│                     │ (None, 600, 5),   │            │                   │
│                     │ (None, 600, 5),   │            │                   │
│                     │ (None, 600, 5),   │            │                   │
│                     │ (None, 600, 5),   │            │                   │
│                     │ (None, 600, 5),   │            │                   │
│                     │ (None, 600, 5),   │            │                   │
│                     │ (None, 600, 5),   │            │                   │
│                     │ (None, 600, 5),   │            │                   │
│                     │ (None, 600, 5),   │            │                   │
│                     │ (None, 600, 5),   │            │                   │
│                     │ (None, 600, 5)]   │            │                   │
├─────────────────────┼───────────────────┼────────────┼───────────────────┤
│ time_abs            │ (None, 600, 1)    │          0 │ -                 │
│ (InputLayer)        │                   │            │                   │
├─────────────────────┼───────────────────┼────────────┼───────────────────┤
│ delta_time          │ (None, 600, 1)    │          0 │ -                 │
│ (InputLayer)        │                   │            │                   │
├─────────────────────┼───────────────────┼────────────┼───────────────────┤
│ home_games_played   │ (None, 600, 1)    │          0 │ -                 │
│ (InputLayer)        │                   │            │                   │
├─────────────────────┼───────────────────┼────────────┼───────────────────┤
│ away_games_played   │ (None, 600, 1)    │          0 │ -                 │
│ (InputLayer)        │                   │            │                   │
├─────────────────────┼───────────────────┼────────────┼───────────────────┤
│ home_days_rest      │ (None, 600, 1)    │          0 │ -                 │
│ (InputLayer)        │                   │            │                   │
├─────────────────────┼───────────────────┼────────────┼───────────────────┤
│ away_days_rest      │ (None, 600, 1)    │          0 │ -                 │
│ (InputLayer)        │                   │            │                   │
├─────────────────────┼───────────────────┼────────────┼───────────────────┤
│ score_diff          │ (None, 600, 1)    │          0 │ -                 │
│ (InputLayer)        │                   │            │                   │
├─────────────────────┼───────────────────┼────────────┼───────────────────┤
│ score_total         │ (None, 600, 1)    │          0 │ -                 │
│ (InputLayer)        │                   │            │                   │
├─────────────────────┼───────────────────┼────────────┼───────────────────┤
│ period_idx          │ (None, 600, 1)    │          0 │ -                 │
│ (InputLayer)        │                   │            │                   │
├─────────────────────┼───────────────────┼────────────┼───────────────────┤
│ period_time_left    │ (None, 600, 1)    │          0 │ -                 │
│ (InputLayer)        │                   │            │                   │
├─────────────────────┼───────────────────┼────────────┼───────────────────┤
│ team_fouls_home     │ (None, 600, 1)    │          0 │ -                 │
│ (InputLayer)        │                   │            │                   │
├─────────────────────┼───────────────────┼────────────┼───────────────────┤
│ team_fouls_away     │ (None, 600, 1)    │          0 │ -                 │
│ (InputLayer)        │                   │            │                   │
├─────────────────────┼───────────────────┼────────────┼───────────────────┤
│ poss_clock          │ (None, 600, 1)    │          0 │ -                 │
│ (InputLayer)        │                   │            │                   │
├─────────────────────┼───────────────────┼────────────┼───────────────────┤
│ running_pace        │ (None, 600, 1)    │          0 │ -                 │
│ (InputLayer)        │                   │            │                   │
├─────────────────────┼───────────────────┼────────────┼───────────────────┤
│ home_prior_net_rat… │ (None, 600, 1)    │          0 │ -                 │
│ (InputLayer)        │                   │            │                   │
├─────────────────────┼───────────────────┼────────────┼───────────────────┤
│ home_prior_pace     │ (None, 600, 1)    │          0 │ -                 │
│ (InputLayer)        │                   │            │                   │
├─────────────────────┼───────────────────┼────────────┼───────────────────┤
│ home_prior_off_rat… │ (None, 600, 1)    │          0 │ -                 │
│ (InputLayer)        │                   │            │                   │
├─────────────────────┼───────────────────┼────────────┼───────────────────┤
│ home_prior_def_rat… │ (None, 600, 1)    │          0 │ -                 │
│ (InputLayer)        │                   │            │                   │
├─────────────────────┼───────────────────┼────────────┼───────────────────┤
│ away_prior_net_rat… │ (None, 600, 1)    │          0 │ -                 │
│ (InputLayer)        │                   │            │                   │
├─────────────────────┼───────────────────┼────────────┼───────────────────┤
│ away_prior_pace     │ (None, 600, 1)    │          0 │ -                 │
│ (InputLayer)        │                   │            │                   │
├─────────────────────┼───────────────────┼────────────┼───────────────────┤
│ away_prior_off_rat… │ (None, 600, 1)    │          0 │ -                 │
│ (InputLayer)        │                   │            │                   │
├─────────────────────┼───────────────────┼────────────┼───────────────────┤
│ away_prior_def_rat… │ (None, 600, 1)    │          0 │ -                 │
│ (InputLayer)        │                   │            │                   │
├─────────────────────┼───────────────────┼────────────┼───────────────────┤
│ regime (InputLayer) │ (None, 600, 4)    │          0 │ -                 │
├─────────────────────┼───────────────────┼────────────┼───────────────────┤
│ emb_event           │ (None, 600, 32)   │        416 │ event[0][0]       │
│ (Embedding)         │                   │            │                   │
├─────────────────────┼───────────────────┼────────────┼───────────────────┤
│ emb_player          │ (None, 600, 192)  │    197,952 │ player[0][0],     │
│ (Embedding)         │                   │            │ secondary_player… │
├─────────────────────┼───────────────────┼────────────┼───────────────────┤
│ emb_type            │ (None, 600, 32)   │      1,344 │ type[0][0]        │
│ (Embedding)         │                   │            │                   │
├─────────────────────┼───────────────────┼────────────┼───────────────────┤
│ emb_result          │ (None, 600, 16)   │        288 │ result[0][0]      │
│ (Embedding)         │                   │            │                   │
├─────────────────────┼───────────────────┼────────────┼───────────────────┤
│ emb_season          │ (None, 600, 16)   │        240 │ season[0][0]      │
│ (Embedding)         │                   │            │                   │
├─────────────────────┼───────────────────┼────────────┼───────────────────┤
│ roster_vec          │ [(None, 600,      │    863,488 │ home_roster[0][0… │
│ (CrossSequenceRost… │ 128), (None, 600, │            │ rest_home[0][0],  │
│                     │ 128)]             │            │ stint_seconds_ho… │
│                     │                   │            │ played_seconds_h… │
│                     │                   │            │ court_fouls_home… │
│                     │                   │            │ unstack[0][0],    │
│                     │                   │            │ unstack[0][1],    │
│                     │                   │            │ unstack[0][2],    │
│                     │                   │            │ unstack[0][3],    │
│                     │                   │            │ unstack[0][4],    │
│                     │                   │            │ unstack[0][5],    │
│                     │                   │            │ unstack[0][6],    │
│                     │                   │            │ unstack[0][7],    │
│                     │                   │            │ unstack[0][8],    │
│                     │                   │            │ unstack[0][9],    │
│                     │                   │            │ unstack[0][10],   │
│                     │                   │            │ unstack[0][11],   │
│                     │                   │            │ unstack[0][12],   │
│                     │                   │            │ unstack[0][13],   │
│                     │                   │            │ unstack[0][14],   │
│                     │                   │            │ unstack[0][15],   │
│                     │                   │            │ unstack[0][16],   │
│                     │                   │            │ away_roster[0][0… │
│                     │                   │            │ rest_away[0][0],  │
│                     │                   │            │ stint_seconds_aw… │
│                     │                   │            │ played_seconds_a… │
│                     │                   │            │ court_fouls_away… │
│                     │                   │            │ unstack_1[0][0],  │
│                     │                   │            │ unstack_1[0][1],  │
│                     │                   │            │ unstack_1[0][2],  │
│                     │                   │            │ unstack_1[0][3],  │
│                     │                   │            │ unstack_1[0][4],  │
│                     │                   │            │ unstack_1[0][5],  │
│                     │                   │            │ unstack_1[0][6],  │
│                     │                   │            │ unstack_1[0][7],  │
│                     │                   │            │ unstack_1[0][8],  │
│                     │                   │            │ unstack_1[0][9],  │
│                     │                   │            │ unstack_1[0][10], │
│                     │                   │            │ unstack_1[0][11], │
│                     │                   │            │ unstack_1[0][12], │
│                     │                   │            │ unstack_1[0][13], │
│                     │                   │            │ unstack_1[0][14], │
│                     │                   │            │ unstack_1[0][15], │
│                     │                   │            │ unstack_1[0][16]  │
├─────────────────────┼───────────────────┼────────────┼───────────────────┤
│ time_abs_proj       │ (None, 600, 16)   │         32 │ time_abs[0][0]    │
│ (Dense)             │                   │            │                   │
├─────────────────────┼───────────────────┼────────────┼───────────────────┤
│ delta_time_proj     │ (None, 600, 16)   │         32 │ delta_time[0][0]  │
│ (Dense)             │                   │            │                   │
├─────────────────────┼───────────────────┼────────────┼───────────────────┤
│ home_games_played_… │ (None, 600, 16)   │         32 │ home_games_playe… │
│ (Dense)             │                   │            │                   │
├─────────────────────┼───────────────────┼────────────┼───────────────────┤
│ away_games_played_… │ (None, 600, 16)   │         32 │ away_games_playe… │
│ (Dense)             │                   │            │                   │
├─────────────────────┼───────────────────┼────────────┼───────────────────┤
│ home_days_rest_proj │ (None, 600, 16)   │         32 │ home_days_rest[0… │
│ (Dense)             │                   │            │                   │
├─────────────────────┼───────────────────┼────────────┼───────────────────┤
│ away_days_rest_proj │ (None, 600, 16)   │         32 │ away_days_rest[0… │
│ (Dense)             │                   │            │                   │
├─────────────────────┼───────────────────┼────────────┼───────────────────┤
│ score_diff_proj     │ (None, 600, 16)   │         32 │ score_diff[0][0]  │
│ (Dense)             │                   │            │                   │
├─────────────────────┼───────────────────┼────────────┼───────────────────┤
│ score_total_proj    │ (None, 600, 16)   │         32 │ score_total[0][0] │
│ (Dense)             │                   │            │                   │
├─────────────────────┼───────────────────┼────────────┼───────────────────┤
│ period_idx_proj     │ (None, 600, 16)   │         32 │ period_idx[0][0]  │
│ (Dense)             │                   │            │                   │
├─────────────────────┼───────────────────┼────────────┼───────────────────┤
│ period_time_left_p… │ (None, 600, 16)   │         32 │ period_time_left… │
│ (Dense)             │                   │            │                   │
├─────────────────────┼───────────────────┼────────────┼───────────────────┤
│ team_fouls_home_pr… │ (None, 600, 16)   │         32 │ team_fouls_home[… │
│ (Dense)             │                   │            │                   │
├─────────────────────┼───────────────────┼────────────┼───────────────────┤
│ team_fouls_away_pr… │ (None, 600, 16)   │         32 │ team_fouls_away[… │
│ (Dense)             │                   │            │                   │
├─────────────────────┼───────────────────┼────────────┼───────────────────┤
│ poss_clock_proj     │ (None, 600, 16)   │         32 │ poss_clock[0][0]  │
│ (Dense)             │                   │            │                   │
├─────────────────────┼───────────────────┼────────────┼───────────────────┤
│ running_pace_proj   │ (None, 600, 16)   │         32 │ running_pace[0][… │
│ (Dense)             │                   │            │                   │
├─────────────────────┼───────────────────┼────────────┼───────────────────┤
│ home_prior_net_rat… │ (None, 600, 16)   │         32 │ home_prior_net_r… │
│ (Dense)             │                   │            │                   │
├─────────────────────┼───────────────────┼────────────┼───────────────────┤
│ home_prior_pace_pr… │ (None, 600, 16)   │         32 │ home_prior_pace[… │
│ (Dense)             │                   │            │                   │
├─────────────────────┼───────────────────┼────────────┼───────────────────┤
│ home_prior_off_rat… │ (None, 600, 16)   │         32 │ home_prior_off_r… │
│ (Dense)             │                   │            │                   │
├─────────────────────┼───────────────────┼────────────┼───────────────────┤
│ home_prior_def_rat… │ (None, 600, 16)   │         32 │ home_prior_def_r… │
│ (Dense)             │                   │            │                   │
├─────────────────────┼───────────────────┼────────────┼───────────────────┤
│ away_prior_net_rat… │ (None, 600, 16)   │         32 │ away_prior_net_r… │
│ (Dense)             │                   │            │                   │
├─────────────────────┼───────────────────┼────────────┼───────────────────┤
│ away_prior_pace_pr… │ (None, 600, 16)   │         32 │ away_prior_pace[… │
│ (Dense)             │                   │            │                   │
├─────────────────────┼───────────────────┼────────────┼───────────────────┤
│ away_prior_off_rat… │ (None, 600, 16)   │         32 │ away_prior_off_r… │
│ (Dense)             │                   │            │                   │
├─────────────────────┼───────────────────┼────────────┼───────────────────┤
│ away_prior_def_rat… │ (None, 600, 16)   │         32 │ away_prior_def_r… │
│ (Dense)             │                   │            │                   │
├─────────────────────┼───────────────────┼────────────┼───────────────────┤
│ regime_proj (Dense) │ (None, 600, 16)   │         80 │ regime[0][0]      │
├─────────────────────┼───────────────────┼────────────┼───────────────────┤
│ fusion_concat       │ (None, 600, 1104) │          0 │ emb_event[0][0],  │
│ (Concatenate)       │                   │            │ emb_player[0][0], │
│                     │                   │            │ emb_type[0][0],   │
│                     │                   │            │ emb_result[0][0], │
│                     │                   │            │ emb_season[0][0], │
│                     │                   │            │ emb_player[1][0], │
│                     │                   │            │ roster_vec[0][0], │
│                     │                   │            │ roster_vec[0][1], │
│                     │                   │            │ time_abs_proj[0]… │
│                     │                   │            │ delta_time_proj[… │
│                     │                   │            │ home_games_playe… │
│                     │                   │            │ away_games_playe… │
│                     │                   │            │ home_days_rest_p… │
│                     │                   │            │ away_days_rest_p… │
│                     │                   │            │ score_diff_proj[… │
│                     │                   │            │ score_total_proj… │
│                     │                   │            │ period_idx_proj[… │
│                     │                   │            │ period_time_left… │
│                     │                   │            │ team_fouls_home_… │
│                     │                   │            │ team_fouls_away_… │
│                     │                   │            │ poss_clock_proj[… │
│                     │                   │            │ running_pace_pro… │
│                     │                   │            │ home_prior_net_r… │
│                     │                   │            │ home_prior_pace_… │
│                     │                   │            │ home_prior_off_r… │
│                     │                   │            │ home_prior_def_r… │
│                     │                   │            │ away_prior_net_r… │
│                     │                   │            │ away_prior_pace_… │
│                     │                   │            │ away_prior_off_r… │
│                     │                   │            │ away_prior_def_r… │
│                     │                   │            │ regime_proj[0][0] │
├─────────────────────┼───────────────────┼────────────┼───────────────────┤
│ fusion_projection   │ (None, 600, 384)  │    424,320 │ fusion_concat[0]… │
│ (Dense)             │                   │            │                   │
├─────────────────────┼───────────────────┼────────────┼───────────────────┤
│ fusion_ln           │ (None, 600, 384)  │        768 │ fusion_projectio… │
│ (LayerNormalizatio… │                   │            │                   │
├─────────────────────┼───────────────────┼────────────┼───────────────────┤
│ positional_embeddi… │ (None, 600, 384)  │    230,400 │ fusion_ln[0][0]   │
│ (AddPositionalEmbe… │                   │            │                   │
├─────────────────────┼───────────────────┼────────────┼───────────────────┤
│ film_concat         │ (None, 600, 160)  │          0 │ emb_season[0][0], │
│ (Concatenate)       │                   │            │ home_prior_net_r… │
│                     │                   │            │ home_prior_pace_… │
│                     │                   │            │ home_prior_off_r… │
│                     │                   │            │ home_prior_def_r… │
│                     │                   │            │ away_prior_net_r… │
│                     │                   │            │ away_prior_pace_… │
│                     │                   │            │ away_prior_off_r… │
│                     │                   │            │ away_prior_def_r… │
│                     │                   │            │ regime_proj[0][0] │
├─────────────────────┼───────────────────┼────────────┼───────────────────┤
│ emb_dropout         │ (None, 600, 384)  │          0 │ positional_embed… │
│ (Dropout)           │                   │            │                   │
├─────────────────────┼───────────────────┼────────────┼───────────────────┤
│ film_ctx (Dense)    │ (None, 600, 64)   │     10,304 │ film_concat[0][0] │
├─────────────────────┼───────────────────┼────────────┼───────────────────┤
│ block0_ln1          │ (None, 600, 384)  │        768 │ emb_dropout[0][0] │
│ (LayerNormalizatio… │                   │            │                   │
├─────────────────────┼───────────────────┼────────────┼───────────────────┤
│ block0_film1_scale  │ (None, 600, 384)  │     24,960 │ film_ctx[0][0]    │
│ (Dense)             │                   │            │                   │
├─────────────────────┼───────────────────┼────────────┼───────────────────┤
│ block0_film1_mul    │ (None, 600, 384)  │          0 │ block0_ln1[0][0], │
│ (Multiply)          │                   │            │ block0_film1_sca… │
├─────────────────────┼───────────────────┼────────────┼───────────────────┤
│ block0_film1_shift  │ (None, 600, 384)  │     24,960 │ film_ctx[0][0]    │
│ (Dense)             │                   │            │                   │
├─────────────────────┼───────────────────┼────────────┼───────────────────┤
│ pad_mask            │ (None, 600)       │          0 │ -                 │
│ (InputLayer)        │                   │            │                   │
├─────────────────────┼───────────────────┼────────────┼───────────────────┤
│ block0_film1 (Add)  │ (None, 600, 384)  │          0 │ block0_ln1[0][0], │
│                     │                   │            │ block0_film1_mul… │
│                     │                   │            │ block0_film1_shi… │
├─────────────────────┼───────────────────┼────────────┼───────────────────┤
│ attn_pad_mask       │ (None, 8, 600,    │          0 │ pad_mask[0][0]    │
│ (BandedAttentionMa… │ 600)              │            │                   │
├─────────────────────┼───────────────────┼────────────┼───────────────────┤
│ block0_mha          │ (None, 600, 384)  │    591,360 │ block0_film1[0][… │
│ (MultiHeadAttentio… │                   │            │ block0_film1[0][… │
│                     │                   │            │ attn_pad_mask[0]… │
├─────────────────────┼───────────────────┼────────────┼───────────────────┤
│ block0_res1 (Add)   │ (None, 600, 384)  │          0 │ emb_dropout[0][0… │
│                     │                   │            │ block0_mha[0][0]  │
├─────────────────────┼───────────────────┼────────────┼───────────────────┤
│ block0_ln2          │ (None, 600, 384)  │        768 │ block0_res1[0][0] │
│ (LayerNormalizatio… │                   │            │                   │
├─────────────────────┼───────────────────┼────────────┼───────────────────┤
│ block0_film2_scale  │ (None, 600, 384)  │     24,960 │ film_ctx[0][0]    │
│ (Dense)             │                   │            │                   │
├─────────────────────┼───────────────────┼────────────┼───────────────────┤
│ block0_film2_mul    │ (None, 600, 384)  │          0 │ block0_ln2[0][0], │
│ (Multiply)          │                   │            │ block0_film2_sca… │
├─────────────────────┼───────────────────┼────────────┼───────────────────┤
│ block0_film2_shift  │ (None, 600, 384)  │     24,960 │ film_ctx[0][0]    │
│ (Dense)             │                   │            │                   │
├─────────────────────┼───────────────────┼────────────┼───────────────────┤
│ block0_film2 (Add)  │ (None, 600, 384)  │          0 │ block0_ln2[0][0], │
│                     │                   │            │ block0_film2_mul… │
│                     │                   │            │ block0_film2_shi… │
├─────────────────────┼───────────────────┼────────────┼───────────────────┤
│ block0_ff1 (Dense)  │ (None, 600, 1536) │    591,360 │ block0_film2[0][… │
├─────────────────────┼───────────────────┼────────────┼───────────────────┤
│ block0_ffdrop       │ (None, 600, 1536) │          0 │ block0_ff1[0][0]  │
│ (Dropout)           │                   │            │                   │
├─────────────────────┼───────────────────┼────────────┼───────────────────┤
│ block0_ff2 (Dense)  │ (None, 600, 384)  │    590,208 │ block0_ffdrop[0]… │
├─────────────────────┼───────────────────┼────────────┼───────────────────┤
│ block0_res2 (Add)   │ (None, 600, 384)  │          0 │ block0_res1[0][0… │
│                     │                   │            │ block0_ff2[0][0]  │
├─────────────────────┼───────────────────┼────────────┼───────────────────┤
│ block1_ln1          │ (None, 600, 384)  │        768 │ block0_res2[0][0] │
│ (LayerNormalizatio… │                   │            │                   │
├─────────────────────┼───────────────────┼────────────┼───────────────────┤
│ block1_film1_scale  │ (None, 600, 384)  │     24,960 │ film_ctx[0][0]    │
│ (Dense)             │                   │            │                   │
├─────────────────────┼───────────────────┼────────────┼───────────────────┤
│ block1_film1_mul    │ (None, 600, 384)  │          0 │ block1_ln1[0][0], │
│ (Multiply)          │                   │            │ block1_film1_sca… │
├─────────────────────┼───────────────────┼────────────┼───────────────────┤
│ block1_film1_shift  │ (None, 600, 384)  │     24,960 │ film_ctx[0][0]    │
│ (Dense)             │                   │            │                   │
├─────────────────────┼───────────────────┼────────────┼───────────────────┤
│ block1_film1 (Add)  │ (None, 600, 384)  │          0 │ block1_ln1[0][0], │
│                     │                   │            │ block1_film1_mul… │
│                     │                   │            │ block1_film1_shi… │
├─────────────────────┼───────────────────┼────────────┼───────────────────┤
│ block1_mha          │ (None, 600, 384)  │    591,360 │ block1_film1[0][… │
│ (MultiHeadAttentio… │                   │            │ block1_film1[0][… │
│                     │                   │            │ attn_pad_mask[0]… │
├─────────────────────┼───────────────────┼────────────┼───────────────────┤
│ block1_res1 (Add)   │ (None, 600, 384)  │          0 │ block0_res2[0][0… │
│                     │                   │            │ block1_mha[0][0]  │
├─────────────────────┼───────────────────┼────────────┼───────────────────┤
│ block1_ln2          │ (None, 600, 384)  │        768 │ block1_res1[0][0] │
│ (LayerNormalizatio… │                   │            │                   │
├─────────────────────┼───────────────────┼────────────┼───────────────────┤
│ block1_film2_scale  │ (None, 600, 384)  │     24,960 │ film_ctx[0][0]    │
│ (Dense)             │                   │            │                   │
├─────────────────────┼───────────────────┼────────────┼───────────────────┤
│ block1_film2_mul    │ (None, 600, 384)  │          0 │ block1_ln2[0][0], │
│ (Multiply)          │                   │            │ block1_film2_sca… │
├─────────────────────┼───────────────────┼────────────┼───────────────────┤
│ block1_film2_shift  │ (None, 600, 384)  │     24,960 │ film_ctx[0][0]    │
│ (Dense)             │                   │            │                   │
├─────────────────────┼───────────────────┼────────────┼───────────────────┤
│ block1_film2 (Add)  │ (None, 600, 384)  │          0 │ block1_ln2[0][0], │
│                     │                   │            │ block1_film2_mul… │
│                     │                   │            │ block1_film2_shi… │
├─────────────────────┼───────────────────┼────────────┼───────────────────┤
│ block1_ff1 (Dense)  │ (None, 600, 1536) │    591,360 │ block1_film2[0][… │
├─────────────────────┼───────────────────┼────────────┼───────────────────┤
│ block1_ffdrop       │ (None, 600, 1536) │          0 │ block1_ff1[0][0]  │
│ (Dropout)           │                   │            │                   │
├─────────────────────┼───────────────────┼────────────┼───────────────────┤
│ block1_ff2 (Dense)  │ (None, 600, 384)  │    590,208 │ block1_ffdrop[0]… │
├─────────────────────┼───────────────────┼────────────┼───────────────────┤
│ block1_res2 (Add)   │ (None, 600, 384)  │          0 │ block1_res1[0][0… │
│                     │                   │            │ block1_ff2[0][0]  │
├─────────────────────┼───────────────────┼────────────┼───────────────────┤
│ block2_ln1          │ (None, 600, 384)  │        768 │ block1_res2[0][0] │
│ (LayerNormalizatio… │                   │            │                   │
├─────────────────────┼───────────────────┼────────────┼───────────────────┤
│ block2_film1_scale  │ (None, 600, 384)  │     24,960 │ film_ctx[0][0]    │
│ (Dense)             │                   │            │                   │
├─────────────────────┼───────────────────┼────────────┼───────────────────┤
│ block2_film1_mul    │ (None, 600, 384)  │          0 │ block2_ln1[0][0], │
│ (Multiply)          │                   │            │ block2_film1_sca… │
├─────────────────────┼───────────────────┼────────────┼───────────────────┤
│ block2_film1_shift  │ (None, 600, 384)  │     24,960 │ film_ctx[0][0]    │
│ (Dense)             │                   │            │                   │
├─────────────────────┼───────────────────┼────────────┼───────────────────┤
│ block2_film1 (Add)  │ (None, 600, 384)  │          0 │ block2_ln1[0][0], │
│                     │                   │            │ block2_film1_mul… │
│                     │                   │            │ block2_film1_shi… │
├─────────────────────┼───────────────────┼────────────┼───────────────────┤
│ block2_mha          │ (None, 600, 384)  │    591,360 │ block2_film1[0][… │
│ (MultiHeadAttentio… │                   │            │ block2_film1[0][… │
│                     │                   │            │ attn_pad_mask[0]… │
├─────────────────────┼───────────────────┼────────────┼───────────────────┤
│ block2_res1 (Add)   │ (None, 600, 384)  │          0 │ block1_res2[0][0… │
│                     │                   │            │ block2_mha[0][0]  │
├─────────────────────┼───────────────────┼────────────┼───────────────────┤
│ block2_ln2          │ (None, 600, 384)  │        768 │ block2_res1[0][0] │
│ (LayerNormalizatio… │                   │            │                   │
├─────────────────────┼───────────────────┼────────────┼───────────────────┤
│ block2_film2_scale  │ (None, 600, 384)  │     24,960 │ film_ctx[0][0]    │
│ (Dense)             │                   │            │                   │
├─────────────────────┼───────────────────┼────────────┼───────────────────┤
│ block2_film2_mul    │ (None, 600, 384)  │          0 │ block2_ln2[0][0], │
│ (Multiply)          │                   │            │ block2_film2_sca… │
├─────────────────────┼───────────────────┼────────────┼───────────────────┤
│ block2_film2_shift  │ (None, 600, 384)  │     24,960 │ film_ctx[0][0]    │
│ (Dense)             │                   │            │                   │
├─────────────────────┼───────────────────┼────────────┼───────────────────┤
│ block2_film2 (Add)  │ (None, 600, 384)  │          0 │ block2_ln2[0][0], │
│                     │                   │            │ block2_film2_mul… │
│                     │                   │            │ block2_film2_shi… │
├─────────────────────┼───────────────────┼────────────┼───────────────────┤
│ block2_ff1 (Dense)  │ (None, 600, 1536) │    591,360 │ block2_film2[0][… │
├─────────────────────┼───────────────────┼────────────┼───────────────────┤
│ block2_ffdrop       │ (None, 600, 1536) │          0 │ block2_ff1[0][0]  │
│ (Dropout)           │                   │            │                   │
├─────────────────────┼───────────────────┼────────────┼───────────────────┤
│ block2_ff2 (Dense)  │ (None, 600, 384)  │    590,208 │ block2_ffdrop[0]… │
├─────────────────────┼───────────────────┼────────────┼───────────────────┤
│ block2_res2 (Add)   │ (None, 600, 384)  │          0 │ block2_res1[0][0… │
│                     │                   │            │ block2_ff2[0][0]  │
├─────────────────────┼───────────────────┼────────────┼───────────────────┤
│ block3_ln1          │ (None, 600, 384)  │        768 │ block2_res2[0][0] │
│ (LayerNormalizatio… │                   │            │                   │
├─────────────────────┼───────────────────┼────────────┼───────────────────┤
│ block3_film1_scale  │ (None, 600, 384)  │     24,960 │ film_ctx[0][0]    │
│ (Dense)             │                   │            │                   │
├─────────────────────┼───────────────────┼────────────┼───────────────────┤
│ block3_film1_mul    │ (None, 600, 384)  │          0 │ block3_ln1[0][0], │
│ (Multiply)          │                   │            │ block3_film1_sca… │
├─────────────────────┼───────────────────┼────────────┼───────────────────┤
│ block3_film1_shift  │ (None, 600, 384)  │     24,960 │ film_ctx[0][0]    │
│ (Dense)             │                   │            │                   │
├─────────────────────┼───────────────────┼────────────┼───────────────────┤
│ block3_film1 (Add)  │ (None, 600, 384)  │          0 │ block3_ln1[0][0], │
│                     │                   │            │ block3_film1_mul… │
│                     │                   │            │ block3_film1_shi… │
├─────────────────────┼───────────────────┼────────────┼───────────────────┤
│ block3_mha          │ (None, 600, 384)  │    591,360 │ block3_film1[0][… │
│ (MultiHeadAttentio… │                   │            │ block3_film1[0][… │
│                     │                   │            │ attn_pad_mask[0]… │
├─────────────────────┼───────────────────┼────────────┼───────────────────┤
│ block3_res1 (Add)   │ (None, 600, 384)  │          0 │ block2_res2[0][0… │
│                     │                   │            │ block3_mha[0][0]  │
├─────────────────────┼───────────────────┼────────────┼───────────────────┤
│ block3_ln2          │ (None, 600, 384)  │        768 │ block3_res1[0][0] │
│ (LayerNormalizatio… │                   │            │                   │
├─────────────────────┼───────────────────┼────────────┼───────────────────┤
│ block3_film2_scale  │ (None, 600, 384)  │     24,960 │ film_ctx[0][0]    │
│ (Dense)             │                   │            │                   │
├─────────────────────┼───────────────────┼────────────┼───────────────────┤
│ block3_film2_mul    │ (None, 600, 384)  │          0 │ block3_ln2[0][0], │
│ (Multiply)          │                   │            │ block3_film2_sca… │
├─────────────────────┼───────────────────┼────────────┼───────────────────┤
│ block3_film2_shift  │ (None, 600, 384)  │     24,960 │ film_ctx[0][0]    │
│ (Dense)             │                   │            │                   │
├─────────────────────┼───────────────────┼────────────┼───────────────────┤
│ block3_film2 (Add)  │ (None, 600, 384)  │          0 │ block3_ln2[0][0], │
│                     │                   │            │ block3_film2_mul… │
│                     │                   │            │ block3_film2_shi… │
├─────────────────────┼───────────────────┼────────────┼───────────────────┤
│ block3_ff1 (Dense)  │ (None, 600, 1536) │    591,360 │ block3_film2[0][… │
├─────────────────────┼───────────────────┼────────────┼───────────────────┤
│ block3_ffdrop       │ (None, 600, 1536) │          0 │ block3_ff1[0][0]  │
│ (Dropout)           │                   │            │                   │
├─────────────────────┼───────────────────┼────────────┼───────────────────┤
│ block3_ff2 (Dense)  │ (None, 600, 384)  │    590,208 │ block3_ffdrop[0]… │
├─────────────────────┼───────────────────┼────────────┼───────────────────┤
│ block3_res2 (Add)   │ (None, 600, 384)  │          0 │ block3_res1[0][0… │
│                     │                   │            │ block3_ff2[0][0]  │
├─────────────────────┼───────────────────┼────────────┼───────────────────┤
│ block4_ln1          │ (None, 600, 384)  │        768 │ block3_res2[0][0] │
│ (LayerNormalizatio… │                   │            │                   │
├─────────────────────┼───────────────────┼────────────┼───────────────────┤
│ block4_film1_scale  │ (None, 600, 384)  │     24,960 │ film_ctx[0][0]    │
│ (Dense)             │                   │            │                   │
├─────────────────────┼───────────────────┼────────────┼───────────────────┤
│ block4_film1_mul    │ (None, 600, 384)  │          0 │ block4_ln1[0][0], │
│ (Multiply)          │                   │            │ block4_film1_sca… │
├─────────────────────┼───────────────────┼────────────┼───────────────────┤
│ block4_film1_shift  │ (None, 600, 384)  │     24,960 │ film_ctx[0][0]    │
│ (Dense)             │                   │            │                   │
├─────────────────────┼───────────────────┼────────────┼───────────────────┤
│ block4_film1 (Add)  │ (None, 600, 384)  │          0 │ block4_ln1[0][0], │
│                     │                   │            │ block4_film1_mul… │
│                     │                   │            │ block4_film1_shi… │
├─────────────────────┼───────────────────┼────────────┼───────────────────┤
│ block4_mha          │ (None, 600, 384)  │    591,360 │ block4_film1[0][… │
│ (MultiHeadAttentio… │                   │            │ block4_film1[0][… │
│                     │                   │            │ attn_pad_mask[0]… │
├─────────────────────┼───────────────────┼────────────┼───────────────────┤
│ block4_res1 (Add)   │ (None, 600, 384)  │          0 │ block3_res2[0][0… │
│                     │                   │            │ block4_mha[0][0]  │
├─────────────────────┼───────────────────┼────────────┼───────────────────┤
│ block4_ln2          │ (None, 600, 384)  │        768 │ block4_res1[0][0] │
│ (LayerNormalizatio… │                   │            │                   │
├─────────────────────┼───────────────────┼────────────┼───────────────────┤
│ block4_film2_scale  │ (None, 600, 384)  │     24,960 │ film_ctx[0][0]    │
│ (Dense)             │                   │            │                   │
├─────────────────────┼───────────────────┼────────────┼───────────────────┤
│ block4_film2_mul    │ (None, 600, 384)  │          0 │ block4_ln2[0][0], │
│ (Multiply)          │                   │            │ block4_film2_sca… │
├─────────────────────┼───────────────────┼────────────┼───────────────────┤
│ block4_film2_shift  │ (None, 600, 384)  │     24,960 │ film_ctx[0][0]    │
│ (Dense)             │                   │            │                   │
├─────────────────────┼───────────────────┼────────────┼───────────────────┤
│ block4_film2 (Add)  │ (None, 600, 384)  │          0 │ block4_ln2[0][0], │
│                     │                   │            │ block4_film2_mul… │
│                     │                   │            │ block4_film2_shi… │
├─────────────────────┼───────────────────┼────────────┼───────────────────┤
│ block4_ff1 (Dense)  │ (None, 600, 1536) │    591,360 │ block4_film2[0][… │
├─────────────────────┼───────────────────┼────────────┼───────────────────┤
│ block4_ffdrop       │ (None, 600, 1536) │          0 │ block4_ff1[0][0]  │
│ (Dropout)           │                   │            │                   │
├─────────────────────┼───────────────────┼────────────┼───────────────────┤
│ block4_ff2 (Dense)  │ (None, 600, 384)  │    590,208 │ block4_ffdrop[0]… │
├─────────────────────┼───────────────────┼────────────┼───────────────────┤
│ block4_res2 (Add)   │ (None, 600, 384)  │          0 │ block4_res1[0][0… │
│                     │                   │            │ block4_ff2[0][0]  │
├─────────────────────┼───────────────────┼────────────┼───────────────────┤
│ block5_ln1          │ (None, 600, 384)  │        768 │ block4_res2[0][0] │
│ (LayerNormalizatio… │                   │            │                   │
├─────────────────────┼───────────────────┼────────────┼───────────────────┤
│ block5_film1_scale  │ (None, 600, 384)  │     24,960 │ film_ctx[0][0]    │
│ (Dense)             │                   │            │                   │
├─────────────────────┼───────────────────┼────────────┼───────────────────┤
│ block5_film1_mul    │ (None, 600, 384)  │          0 │ block5_ln1[0][0], │
│ (Multiply)          │                   │            │ block5_film1_sca… │
├─────────────────────┼───────────────────┼────────────┼───────────────────┤
│ block5_film1_shift  │ (None, 600, 384)  │     24,960 │ film_ctx[0][0]    │
│ (Dense)             │                   │            │                   │
├─────────────────────┼───────────────────┼────────────┼───────────────────┤
│ block5_film1 (Add)  │ (None, 600, 384)  │          0 │ block5_ln1[0][0], │
│                     │                   │            │ block5_film1_mul… │
│                     │                   │            │ block5_film1_shi… │
├─────────────────────┼───────────────────┼────────────┼───────────────────┤
│ block5_mha          │ (None, 600, 384)  │    591,360 │ block5_film1[0][… │
│ (MultiHeadAttentio… │                   │            │ block5_film1[0][… │
│                     │                   │            │ attn_pad_mask[0]… │
├─────────────────────┼───────────────────┼────────────┼───────────────────┤
│ block5_res1 (Add)   │ (None, 600, 384)  │          0 │ block4_res2[0][0… │
│                     │                   │            │ block5_mha[0][0]  │
├─────────────────────┼───────────────────┼────────────┼───────────────────┤
│ block5_ln2          │ (None, 600, 384)  │        768 │ block5_res1[0][0] │
│ (LayerNormalizatio… │                   │            │                   │
├─────────────────────┼───────────────────┼────────────┼───────────────────┤
│ block5_film2_scale  │ (None, 600, 384)  │     24,960 │ film_ctx[0][0]    │
│ (Dense)             │                   │            │                   │
├─────────────────────┼───────────────────┼────────────┼───────────────────┤
│ block5_film2_mul    │ (None, 600, 384)  │          0 │ block5_ln2[0][0], │
│ (Multiply)          │                   │            │ block5_film2_sca… │
├─────────────────────┼───────────────────┼────────────┼───────────────────┤
│ block5_film2_shift  │ (None, 600, 384)  │     24,960 │ film_ctx[0][0]    │
│ (Dense)             │                   │            │                   │
├─────────────────────┼───────────────────┼────────────┼───────────────────┤
│ block5_film2 (Add)  │ (None, 600, 384)  │          0 │ block5_ln2[0][0], │
│                     │                   │            │ block5_film2_mul… │
│                     │                   │            │ block5_film2_shi… │
├─────────────────────┼───────────────────┼────────────┼───────────────────┤
│ block5_ff1 (Dense)  │ (None, 600, 1536) │    591,360 │ block5_film2[0][… │
├─────────────────────┼───────────────────┼────────────┼───────────────────┤
│ block5_ffdrop       │ (None, 600, 1536) │          0 │ block5_ff1[0][0]  │
│ (Dropout)           │                   │            │                   │
├─────────────────────┼───────────────────┼────────────┼───────────────────┤
│ block5_ff2 (Dense)  │ (None, 600, 384)  │    590,208 │ block5_ffdrop[0]… │
├─────────────────────┼───────────────────┼────────────┼───────────────────┤
│ block5_res2 (Add)   │ (None, 600, 384)  │          0 │ block5_res1[0][0… │
│                     │                   │            │ block5_ff2[0][0]  │
├─────────────────────┼───────────────────┼────────────┼───────────────────┤
│ final_ln            │ (None, 600, 384)  │        768 │ block5_res2[0][0] │
│ (LayerNormalizatio… │                   │            │                   │
├─────────────────────┼───────────────────┼────────────┼───────────────────┤
│ event_output        │ (None, 600, 13)   │      5,005 │ final_ln[0][0]    │
│ (Dense)             │                   │            │                   │
├─────────────────────┼───────────────────┼────────────┼───────────────────┤
│ time_output (Dense) │ (None, 600, 1)    │        385 │ final_ln[0][0]    │
└─────────────────────┴───────────────────┴────────────┴───────────────────┘
 Total params: 12,982,286 (49.52 MB)
 Trainable params: 12,982,286 (49.52 MB)
 Non-trainable params: 0 (0.00 B)
Epoch 1/50
[1m 1/67[0m [37m━━━━━━━━━━━━━━━━━━━━[0m [1m1:27:46[0m 80s/step - event_output_acc: 0.0913 - event_output_loss: 0.2490 - loss: 0.4279 - time_output_loss: 0.3543 - time_output_mae: 1.8239 - time_output_mae_sec: 12.8096[1m 2/67[0m [37m━━━━━━━━━━━━━━━━━━━━[0m [1m1:29[0m 1s/step - event_output_acc: 0.0915 - event_output_loss: 0.2500 - loss: 0.4291 - time_output_loss: 0.3548 - time_output_mae: 1.8208 - time_output_mae_sec: 12.7881    [1m 3/67[0m [37m━━━━━━━━━━━━━━━━━━━━[0m [1m1:27[0m 1s/step - event_output_acc: 0.0918 - event_output_loss: 0.2529 - loss: 0.4323 - time_output_loss: 0.3553 - time_output_mae: 1.8090 - time_output_mae_sec: 12.7054[1m 4/67[0m [32m━[0m[37m━━━━━━━━━━━━━━━━━━━[0m [1m1:25[0m 1s/step - event_output_acc: 0.0926 - event_output_loss: 0.2560 - loss: 0.4329 - time_output_loss: 0.3504 - time_output_mae: 1.7806 - time_output_mae_sec: 12.5057[1m 5/67[0m [32m━[0m[37m━━━━━━━━━━━━━━━━━━━[0m [1m1:24[0m 1s/step - event_output_acc: 0.0932 - event_output_loss: 0.2587 - loss: 0.4313 - time_output_loss: 0.3419 - time_output_mae: 1.7422 - time_output_mae_sec: 12.2362[1m 6/67[0m [32m━[0m[37m━━━━━━━━━━━━━━━━━━━[0m [1m1:23[0m 1s/step - event_output_acc: 0.0940 - event_output_loss: 0.2607 - loss: 0.4288 - time_output_loss: 0.3329 - time_output_mae: 1.7037 - time_output_mae_sec: 11.9654[1m 7/67[0m [32m━━[0m[37m━━━━━━━━━━━━━━━━━━[0m [1m1:22[0m 1s/step - event_output_acc: 0.0951 - event_output_loss: 0.2622 - loss: 0.4270 - time_output_loss: 0.3263 - time_output_mae: 1.6717 - time_output_mae_sec: 11.7411[1m 8/67[0m [32m━━[0m[37m━━━━━━━━━━━━━━━━━━[0m [1m1:21[0m 1s/step - event_output_acc: 0.0967 - event_output_loss: 0.2628 - loss: 0.4255 - time_output_loss: 0.3220 - time_output_mae: 1.6484 - time_output_mae_sec: 11.5776[1m 9/67[0m [32m━━[0m[37m━━━━━━━━━━━━━━━━━━[0m [1m1:20[0m 1s/step - event_output_acc: 0.0991 - event_output_loss: 0.2631 - loss: 0.4246 - time_output_loss: 0.3197 - time_output_mae: 1.6308 - time_output_mae_sec: 11.4536[1m10/67[0m [32m━━[0m[37m━━━━━━━━━━━━━━━━━━[0m [1m1:19[0m 1s/step - event_output_acc: 0.1024 - event_output_loss: 0.2629 - loss: 0.4235 - time_output_loss: 0.3179 - time_output_mae: 1.6151 - time_output_mae_sec: 11.3433[1m11/67[0m [32m━━━[0m[37m━━━━━━━━━━━━━━━━━[0m [1m1:17[0m 1s/step - event_output_acc: 0.1069 - event_output_loss: 0.2625 - loss: 0.4222 - time_output_loss: 0.3159 - time_output_mae: 1.5988 - time_output_mae_sec: 11.2288[1m12/67[0m [32m━━━[0m[37m━━━━━━━━━━━━━━━━━[0m [1m1:16[0m 1s/step - event_output_acc: 0.1122 - event_output_loss: 0.2619 - loss: 0.4204 - time_output_loss: 0.3136 - time_output_mae: 1.5824 - time_output_mae_sec: 11.1136[1m13/67[0m [32m━━━[0m[37m━━━━━━━━━━━━━━━━━[0m [1m1:15[0m 1s/step - event_output_acc: 0.1179 - event_output_loss: 0.2612 - loss: 0.4186 - time_output_loss: 0.3114 - time_output_mae: 1.5675 - time_output_mae_sec: 11.0090[1m14/67[0m [32m━━━━[0m[37m━━━━━━━━━━━━━━━━[0m [1m1:13[0m 1s/step - event_output_acc: 0.1240 - event_output_loss: 0.2608 - loss: 0.4174 - time_output_loss: 0.3098 - time_output_mae: 1.5543 - time_output_mae_sec: 10.9165[1m15/67[0m [32m━━━━[0m[37m━━━━━━━━━━━━━━━━[0m [1m1:12[0m 1s/step - event_output_acc: 0.1303 - event_output_loss: 0.2605 - loss: 0.4165 - time_output_loss: 0.3086 - time_output_mae: 1.5420 - time_output_mae_sec: 10.8303[1m16/67[0m [32m━━━━[0m[37m━━━━━━━━━━━━━━━━[0m [1m1:11[0m 1s/step - event_output_acc: 0.1366 - event_output_loss: 0.2604 - loss: 0.4158 - time_output_loss: 0.3074 - time_output_mae: 1.5294 - time_output_mae_sec: 10.7416[1m17/67[0m [32m━━━━━[0m[37m━━━━━━━━━━━━━━━[0m [1m1:09[0m 1s/step - event_output_acc: 0.1427 - event_output_loss: 0.2604 - loss: 0.4151 - time_output_loss: 0.3060 - time_output_mae: 1.5167 - time_output_mae_sec: 10.6527[1m18/67[0m [32m━━━━━[0m[37m━━━━━━━━━━━━━━━[0m [1m1:08[0m 1s/step - event_output_acc: 0.1487 - event_output_loss: 0.2604 - loss: 0.4145 - time_output_loss: 0.3048 - time_output_mae: 1.5044 - time_output_mae_sec: 10.5661[1m19/67[0m [32m━━━━━[0m[37m━━━━━━━━━━━━━━━[0m [1m1:07[0m 1s/step - event_output_acc: 0.1543 - event_output_loss: 0.2605 - loss: 0.4141 - time_output_loss: 0.3037 - time_output_mae: 1.4925 - time_output_mae_sec: 10.4823[1m20/67[0m [32m━━━━━[0m[37m━━━━━━━━━━━━━━━[0m [1m1:05[0m 1s/step - event_output_acc: 0.1597 - event_output_loss: 0.2608 - loss: 0.4138 - time_output_loss: 0.3027 - time_output_mae: 1.4804 - time_output_mae_sec: 10.3973[1m21/67[0m [32m━━━━━━[0m[37m━━━━━━━━━━━━━━[0m [1m1:04[0m 1s/step - event_output_acc: 0.1648 - event_output_loss: 0.2611 - loss: 0.4137 - time_output_loss: 0.3017 - time_output_mae: 1.4683 - time_output_mae_sec: 10.3127[1m22/67[0m [32m━━━━━━[0m[37m━━━━━━━━━━━━━━[0m [1m1:02[0m 1s/step - event_output_acc: 0.1696 - event_output_loss: 0.2616 - loss: 0.4137 - time_output_loss: 0.3008 - time_output_mae: 1.4568 - time_output_mae_sec: 10.2319[1m23/67[0m [32m━━━━━━[0m[37m━━━━━━━━━━━━━━[0m [1m1:01[0m 1s/step - event_output_acc: 0.1741 - event_output_loss: 0.2621 - loss: 0.4138 - time_output_loss: 0.3000 - time_output_mae: 1.4458 - time_output_mae_sec: 10.1542[1m24/67[0m [32m━━━━━━━[0m[37m━━━━━━━━━━━━━[0m [1m1:00[0m 1s/step - event_output_acc: 0.1784 - event_output_loss: 0.2627 - loss: 0.4140 - time_output_loss: 0.2992 - time_output_mae: 1.4348 - time_output_mae_sec: 10.0772[1m25/67[0m [32m━━━━━━━[0m[37m━━━━━━━━━━━━━[0m [1m58s[0m 1s/step - event_output_acc: 0.1824 - event_output_loss: 0.2634 - loss: 0.4143 - time_output_loss: 0.2984 - time_output_mae: 1.4240 - time_output_mae_sec: 10.0010 [1m26/67[0m [32m━━━━━━━[0m[37m━━━━━━━━━━━━━[0m [1m57s[0m 1s/step - event_output_acc: 0.1863 - event_output_loss: 0.2642 - loss: 0.4148 - time_output_loss: 0.2977 - time_output_mae: 1.4132 - time_output_mae_sec: 9.9256 [1m27/67[0m [32m━━━━━━━━[0m[37m━━━━━━━━━━━━[0m [1m55s[0m 1s/step - event_output_acc: 0.1902 - event_output_loss: 0.2651 - loss: 0.4153 - time_output_loss: 0.2971 - time_output_mae: 1.4026 - time_output_mae_sec: 9.8509[1m28/67[0m [32m━━━━━━━━[0m[37m━━━━━━━━━━━━[0m [1m54s[0m 1s/step - event_output_acc: 0.1940 - event_output_loss: 0.2661 - loss: 0.4160 - time_output_loss: 0.2964 - time_output_mae: 1.3922 - time_output_mae_sec: 9.7782[1m29/67[0m [32m━━━━━━━━[0m[37m━━━━━━━━━━━━[0m [1m53s[0m 1s/step - event_output_acc: 0.1977 - event_output_loss: 0.2671 - loss: 0.4167 - time_output_loss: 0.2959 - time_output_mae: 1.3823 - time_output_mae_sec: 9.7083[1m30/67[0m [32m━━━━━━━━[0m[37m━━━━━━━━━━━━[0m [1m51s[0m 1s/step - event_output_acc: 0.2013 - event_output_loss: 0.2681 - loss: 0.4175 - time_output_loss: 0.2953 - time_output_mae: 1.3726 - time_output_mae_sec: 9.6405[1m31/67[0m [32m━━━━━━━━━[0m[37m━━━━━━━━━━━[0m [1m50s[0m 1s/step - event_output_acc: 0.2048 - event_output_loss: 0.2692 - loss: 0.4183 - time_output_loss: 0.2949 - time_output_mae: 1.3631 - time_output_mae_sec: 9.5736[1m32/67[0m [32m━━━━━━━━━[0m[37m━━━━━━━━━━━[0m [1m49s[0m 1s/step - event_output_acc: 0.2084 - event_output_loss: 0.2704 - loss: 0.4193 - time_output_loss: 0.2944 - time_output_mae: 1.3538 - time_output_mae_sec: 9.5082[1m33/67[0m [32m━━━━━━━━━[0m[37m━━━━━━━━━━━[0m [1m47s[0m 1s/step - event_output_acc: 0.2119 - event_output_loss: 0.2716 - loss: 0.4203 - time_output_loss: 0.2941 - time_output_mae: 1.3446 - time_output_mae_sec: 9.4438[1m34/67[0m [32m━━━━━━━━━━[0m[37m━━━━━━━━━━[0m [1m46s[0m 1s/step - event_output_acc: 0.2153 - event_output_loss: 0.2729 - loss: 0.4215 - time_output_loss: 0.2937 - time_output_mae: 1.3357 - time_output_mae_sec: 9.3812[1m35/67[0m [32m━━━━━━━━━━[0m[37m━━━━━━━━━━[0m [1m44s[0m 1s/step - event_output_acc: 0.2186 - event_output_loss: 0.2743 - loss: 0.4227 - time_output_loss: 0.2935 - time_output_mae: 1.3271 - time_output_mae_sec: 9.3206[1m36/67[0m [32m━━━━━━━━━━[0m[37m━━━━━━━━━━[0m [1m43s[0m 1s/step - event_output_acc: 0.2219 - event_output_loss: 0.2757 - loss: 0.4239 - time_output_loss: 0.2932 - time_output_mae: 1.3187 - time_output_mae_sec: 9.2615[1m37/67[0m [32m━━━━━━━━━━━[0m[37m━━━━━━━━━[0m [1m42s[0m 1s/step - event_output_acc: 0.2251 - event_output_loss: 0.2771 - loss: 0.4253 - time_output_loss: 0.2930 - time_output_mae: 1.3104 - time_output_mae_sec: 9.2036[1m38/67[0m [32m━━━━━━━━━━━[0m[37m━━━━━━━━━[0m [1m40s[0m 1s/step - event_output_acc: 0.2282 - event_output_loss: 0.2786 - loss: 0.4267 - time_output_loss: 0.2929 - time_output_mae: 1.3023 - time_output_mae_sec: 9.1468[1m39/67[0m [32m━━━━━━━━━━━[0m[37m━━━━━━━━━[0m [1m39s[0m 1s/step - event_output_acc: 0.2313 - event_output_loss: 0.2801 - loss: 0.4282 - time_output_loss: 0.2927 - time_output_mae: 1.2945 - time_output_mae_sec: 9.0917[1m40/67[0m [32m━━━━━━━━━━━[0m[37m━━━━━━━━━[0m [1m37s[0m 1s/step - event_output_acc: 0.2344 - event_output_loss: 0.2816 - loss: 0.4296 - time_output_loss: 0.2926 - time_output_mae: 1.2869 - time_output_mae_sec: 9.0381[1m41/67[0m [32m━━━━━━━━━━━━[0m[37m━━━━━━━━[0m [1m36s[0m 1s/step - event_output_acc: 0.2374 - event_output_loss: 0.2832 - loss: 0.4312 - time_output_loss: 0.2926 - time_output_mae: 1.2794 - time_output_mae_sec: 8.9859[1m42/67[0m [32m━━━━━━━━━━━━[0m[37m━━━━━━━━[0m [1m35s[0m 1s/step - event_output_acc: 0.2404 - event_output_loss: 0.2848 - loss: 0.4327 - time_output_loss: 0.2925 - time_output_mae: 1.2722 - time_output_mae_sec: 8.9348[1m43/67[0m [32m━━━━━━━━━━━━[0m[37m━━━━━━━━[0m [1m33s[0m 1s/step - event_output_acc: 0.2433 - event_output_loss: 0.2865 - loss: 0.4344 - time_output_loss: 0.2925 - time_output_mae: 1.2650 - time_output_mae_sec: 8.8849[1m44/67[0m [32m━━━━━━━━━━━━━[0m[37m━━━━━━━[0m [1m32s[0m 1s/step - event_output_acc: 0.2462 - event_output_loss: 0.2881 - loss: 0.4361 - time_output_loss: 0.2926 - time_output_mae: 1.2581 - time_output_mae_sec: 8.8361[1m45/67[0m [32m━━━━━━━━━━━━━[0m[37m━━━━━━━[0m [1m30s[0m 1s/step - event_output_acc: 0.2490 - event_output_loss: 0.2898 - loss: 0.4378 - time_output_loss: 0.2927 - time_output_mae: 1.2513 - time_output_mae_sec: 8.7887[1m46/67[0m [32m━━━━━━━━━━━━━[0m[37m━━━━━━━[0m [1m29s[0m 1s/step - event_output_acc: 0.2518 - event_output_loss: 0.2916 - loss: 0.4396 - time_output_loss: 0.2928 - time_output_mae: 1.2447 - time_output_mae_sec: 8.7423[1m47/67[0m [32m━━━━━━━━━━━━━━[0m[37m━━━━━━[0m [1m28s[0m 1s/step - event_output_acc: 0.2546 - event_output_loss: 0.2934 - loss: 0.4415 - time_output_loss: 0.2929 - time_output_mae: 1.2383 - time_output_mae_sec: 8.6969[1m48/67[0m [32m━━━━━━━━━━━━━━[0m[37m━━━━━━[0m [1m26s[0m 1s/step - event_output_acc: 0.2574 - event_output_loss: 0.2952 - loss: 0.4434 - time_output_loss: 0.2931 - time_output_mae: 1.2320 - time_output_mae_sec: 8.6525[1m49/67[0m [32m━━━━━━━━━━━━━━[0m[37m━━━━━━[0m [1m25s[0m 1s/step - event_output_acc: 0.2601 - event_output_loss: 0.2970 - loss: 0.4453 - time_output_loss: 0.2933 - time_output_mae: 1.2258 - time_output_mae_sec: 8.6093[1m50/67[0m [32m━━━━━━━━━━━━━━[0m[37m━━━━━━[0m [1m23s[0m 1s/step - event_output_acc: 0.2628 - event_output_loss: 0.2989 - loss: 0.4473 - time_output_loss: 0.2935 - time_output_mae: 1.2198 - time_output_mae_sec: 8.5670[1m51/67[0m [32m━━━━━━━━━━━━━━━[0m[37m━━━━━[0m [1m22s[0m 1s/step - event_output_acc: 0.2654 - event_output_loss: 0.3007 - loss: 0.4493 - time_output_loss: 0.2938 - time_output_mae: 1.2139 - time_output_mae_sec: 8.5255[1m52/67[0m [32m━━━━━━━━━━━━━━━[0m[37m━━━━━[0m [1m21s[0m 1s/step - event_output_acc: 0.2680 - event_output_loss: 0.3026 - loss: 0.4513 - time_output_loss: 0.2941 - time_output_mae: 1.2081 - time_output_mae_sec: 8.4847[1m53/67[0m [32m━━━━━━━━━━━━━━━[0m[37m━━━━━[0m [1m19s[0m 1s/step - event_output_acc: 0.2706 - event_output_loss: 0.3045 - loss: 0.4534 - time_output_loss: 0.2944 - time_output_mae: 1.2024 - time_output_mae_sec: 8.4449[1m54/67[0m [32m━━━━━━━━━━━━━━━━[0m[37m━━━━[0m [1m18s[0m 1s/step - event_output_acc: 0.2732 - event_output_loss: 0.3065 - loss: 0.4555 - time_output_loss: 0.2947 - time_output_mae: 1.1968 - time_output_mae_sec: 8.4059[1m55/67[0m [32m━━━━━━━━━━━━━━━━[0m[37m━━━━[0m [1m16s[0m 1s/step - event_output_acc: 0.2757 - event_output_loss: 0.3084 - loss: 0.4575 - time_output_loss: 0.2951 - time_output_mae: 1.1914 - time_output_mae_sec: 8.3676[1m56/67[0m [32m━━━━━━━━━━━━━━━━[0m[37m━━━━[0m [1m15s[0m 1s/step - event_output_acc: 0.2782 - event_output_loss: 0.3103 - loss: 0.4596 - time_output_loss: 0.2954 - time_output_mae: 1.1861 - time_output_mae_sec: 8.3300[1m57/67[0m [32m━━━━━━━━━━━━━━━━━[0m[37m━━━[0m [1m14s[0m 1s/step - event_output_acc: 0.2807 - event_output_loss: 0.3122 - loss: 0.4617 - time_output_loss: 0.2957 - time_output_mae: 1.1808 - time_output_mae_sec: 8.2932[1m58/67[0m [32m━━━━━━━━━━━━━━━━━[0m[37m━━━[0m [1m12s[0m 1s/step - event_output_acc: 0.2831 - event_output_loss: 0.3141 - loss: 0.4638 - time_output_loss: 0.2961 - time_output_mae: 1.1757 - time_output_mae_sec: 8.2571[1m59/67[0m [32m━━━━━━━━━━━━━━━━━[0m[37m━━━[0m [1m11s[0m 1s/step - event_output_acc: 0.2855 - event_output_loss: 0.3160 - loss: 0.4658 - time_output_loss: 0.2964 - time_output_mae: 1.1706 - time_output_mae_sec: 8.2216[1m60/67[0m [32m━━━━━━━━━━━━━━━━━[0m[37m━━━[0m [1m9s[0m 1s/step - event_output_acc: 0.2879 - event_output_loss: 0.3179 - loss: 0.4679 - time_output_loss: 0.2968 - time_output_mae: 1.1657 - time_output_mae_sec: 8.1868 [1m61/67[0m [32m━━━━━━━━━━━━━━━━━━[0m[37m━━[0m [1m8s[0m 1s/step - event_output_acc: 0.2903 - event_output_loss: 0.3197 - loss: 0.4699 - time_output_loss: 0.2971 - time_output_mae: 1.1608 - time_output_mae_sec: 8.1525[1m62/67[0m [32m━━━━━━━━━━━━━━━━━━[0m[37m━━[0m [1m7s[0m 1s/step - event_output_acc: 0.2927 - event_output_loss: 0.3216 - loss: 0.4719 - time_output_loss: 0.2975 - time_output_mae: 1.1560 - time_output_mae_sec: 8.1187[1m63/67[0m [32m━━━━━━━━━━━━━━━━━━[0m[37m━━[0m [1m5s[0m 1s/step - event_output_acc: 0.2950 - event_output_loss: 0.3234 - loss: 0.4739 - time_output_loss: 0.2978 - time_output_mae: 1.1512 - time_output_mae_sec: 8.0856[1m64/67[0m [32m━━━━━━━━━━━━━━━━━━━[0m[37m━[0m [1m4s[0m 1s/step - event_output_acc: 0.2973 - event_output_loss: 0.3251 - loss: 0.4758 - time_output_loss: 0.2981 - time_output_mae: 1.1466 - time_output_mae_sec: 8.0529[1m65/67[0m [32m━━━━━━━━━━━━━━━━━━━[0m[37m━[0m [1m2s[0m 1s/step - event_output_acc: 0.2996 - event_output_loss: 0.3269 - loss: 0.4777 - time_output_loss: 0.2985 - time_output_mae: 1.1420 - time_output_mae_sec: 8.0208[1m66/67[0m [32m━━━━━━━━━━━━━━━━━━━[0m[37m━[0m [1m1s[0m 1s/step - event_output_acc: 0.3019 - event_output_loss: 0.3286 - loss: 0.4796 - time_output_loss: 0.2988 - time_output_mae: 1.1375 - time_output_mae_sec: 7.9891[1m67/67[0m [32m━━━━━━━━━━━━━━━━━━━━[0m[37m[0m [1m0s[0m 1s/step - event_output_acc: 0.3041 - event_output_loss: 0.3303 - loss: 0.4814 - time_output_loss: 0.2991 - time_output_mae: 1.1331 - time_output_mae_sec: 7.9580[1m67/67[0m [32m━━━━━━━━━━━━━━━━━━━━[0m[37m[0m [1m187s[0m 2s/step - event_output_acc: 0.4523 - event_output_loss: 0.4414 - loss: 0.6017 - time_output_loss: 0.3183 - time_output_mae: 0.8405 - time_output_mae_sec: 5.9033 - val_event_output_acc: 0.6093 - val_event_output_loss: 0.2105 - val_loss: 0.2633 - val_time_output_loss: 0.1152 - val_time_output_mae: 0.5895 - val_time_output_mae_sec: 4.1400 - scheduled_sampling_p: 0.0000e+00
Epoch 2/50
[1m 1/67[0m [37m━━━━━━━━━━━━━━━━━━━━[0m [1m1:59[0m 2s/step - event_output_acc: 0.5899 - event_output_loss: 0.0815 - loss: 0.1084 - time_output_loss: 0.0522 - time_output_mae: 0.6775 - time_output_mae_sec: 4.7585[1m 2/67[0m [37m━━━━━━━━━━━━━━━━━━━━[0m [1m1:30[0m 1s/step - event_output_acc: 0.5932 - event_output_loss: 0.0811 - loss: 0.1080 - time_output_loss: 0.0521 - time_output_mae: 0.6783 - time_output_mae_sec: 4.7638[1m 3/67[0m [37m━━━━━━━━━━━━━━━━━━━━[0m [1m1:29[0m 1s/step - event_output_acc: 0.5962 - event_output_loss: 0.0827 - loss: 0.1101 - time_output_loss: 0.0533 - time_output_mae: 0.6787 - time_output_mae_sec: 4.7667[1m 4/67[0m [32m━[0m[37m━━━━━━━━━━━━━━━━━━━[0m [1m1:28[0m 1s/step - event_output_acc: 0.5985 - event_output_loss: 0.0841 - loss: 0.1121 - time_output_loss: 0.0543 - time_output_mae: 0.6774 - time_output_mae_sec: 4.7578[1m 5/67[0m [32m━[0m[37m━━━━━━━━━━━━━━━━━━━[0m [1m1:27[0m 1s/step - event_output_acc: 0.6004 - event_output_loss: 0.0855 - loss: 0.1139 - time_output_loss: 0.0552 - time_output_mae: 0.6748 - time_output_mae_sec: 4.7393[1m 6/67[0m [32m━[0m[37m━━━━━━━━━━━━━━━━━━━[0m [1m1:25[0m 1s/step - event_output_acc: 0.6020 - event_output_loss: 0.0865 - loss: 0.1152 - time_output_loss: 0.0559 - time_output_mae: 0.6720 - time_output_mae_sec: 4.7195[1m 7/67[0m [32m━━[0m[37m━━━━━━━━━━━━━━━━━━[0m [1m1:23[0m 1s/step - event_output_acc: 0.6033 - event_output_loss: 0.0872 - loss: 0.1162 - time_output_loss: 0.0564 - time_output_mae: 0.6695 - time_output_mae_sec: 4.7024[1m 8/67[0m [32m━━[0m[37m━━━━━━━━━━━━━━━━━━[0m [1m1:22[0m 1s/step - event_output_acc: 0.6047 - event_output_loss: 0.0881 - loss: 0.1174 - time_output_loss: 0.0570 - time_output_mae: 0.6673 - time_output_mae_sec: 4.6869[1m 9/67[0m [32m━━[0m[37m━━━━━━━━━━━━━━━━━━[0m [1m1:20[0m 1s/step - event_output_acc: 0.6061 - event_output_loss: 0.0891 - loss: 0.1188 - time_output_loss: 0.0577 - time_output_mae: 0.6655 - time_output_mae_sec: 4.6738[1m10/67[0m [32m━━[0m[37m━━━━━━━━━━━━━━━━━━[0m [1m1:19[0m 1s/step - event_output_acc: 0.6072 - event_output_loss: 0.0900 - loss: 0.1200 - time_output_loss: 0.0584 - time_output_mae: 0.6639 - time_output_mae_sec: 4.6627[1m11/67[0m [32m━━━[0m[37m━━━━━━━━━━━━━━━━━[0m [1m1:18[0m 1s/step - event_output_acc: 0.6083 - event_output_loss: 0.0910 - loss: 0.1213 - time_output_loss: 0.0591 - time_output_mae: 0.6625 - time_output_mae_sec: 4.6530[1m12/67[0m [32m━━━[0m[37m━━━━━━━━━━━━━━━━━[0m [1m1:16[0m 1s/step - event_output_acc: 0.6092 - event_output_loss: 0.0919 - loss: 0.1226 - time_output_loss: 0.0598 - time_output_mae: 0.6613 - time_output_mae_sec: 4.6446[1m13/67[0m [32m━━━[0m[37m━━━━━━━━━━━━━━━━━[0m [1m1:15[0m 1s/step - event_output_acc: 0.6102 - event_output_loss: 0.0929 - loss: 0.1239 - time_output_loss: 0.0606 - time_output_mae: 0.6601 - time_output_mae_sec: 4.6360[1m14/67[0m [32m━━━━[0m[37m━━━━━━━━━━━━━━━━[0m [1m1:14[0m 1s/step - event_output_acc: 0.6111 - event_output_loss: 0.0939 - loss: 0.1253 - time_output_loss: 0.0613 - time_output_mae: 0.6589 - time_output_mae_sec: 4.6277[1m15/67[0m [32m━━━━[0m[37m━━━━━━━━━━━━━━━━[0m [1m1:12[0m 1s/step - event_output_acc: 0.6119 - event_output_loss: 0.0949 - loss: 0.1267 - time_output_loss: 0.0621 - time_output_mae: 0.6578 - time_output_mae_sec: 4.6200[1m16/67[0m [32m━━━━[0m[37m━━━━━━━━━━━━━━━━[0m [1m1:11[0m 1s/step - event_output_acc: 0.6126 - event_output_loss: 0.0959 - loss: 0.1281 - time_output_loss: 0.0628 - time_output_mae: 0.6567 - time_output_mae_sec: 4.6121[1m17/67[0m [32m━━━━━[0m[37m━━━━━━━━━━━━━━━[0m [1m1:10[0m 1s/step - event_output_acc: 0.6134 - event_output_loss: 0.0970 - loss: 0.1295 - time_output_loss: 0.0636 - time_output_mae: 0.6555 - time_output_mae_sec: 4.6040[1m18/67[0m [32m━━━━━[0m[37m━━━━━━━━━━━━━━━[0m [1m1:08[0m 1s/step - event_output_acc: 0.6140 - event_output_loss: 0.0980 - loss: 0.1309 - time_output_loss: 0.0643 - time_output_mae: 0.6544 - time_output_mae_sec: 4.5961[1m19/67[0m [32m━━━━━[0m[37m━━━━━━━━━━━━━━━[0m [1m1:07[0m 1s/step - event_output_acc: 0.6147 - event_output_loss: 0.0991 - loss: 0.1324 - time_output_loss: 0.0650 - time_output_mae: 0.6533 - time_output_mae_sec: 4.5881[1m20/67[0m [32m━━━━━[0m[37m━━━━━━━━━━━━━━━[0m [1m1:05[0m 1s/step - event_output_acc: 0.6153 - event_output_loss: 0.1002 - loss: 0.1338 - time_output_loss: 0.0657 - time_output_mae: 0.6521 - time_output_mae_sec: 4.5799[1m21/67[0m [32m━━━━━━[0m[37m━━━━━━━━━━━━━━[0m [1m1:04[0m 1s/step - event_output_acc: 0.6159 - event_output_loss: 0.1014 - loss: 0.1353 - time_output_loss: 0.0664 - time_output_mae: 0.6509 - time_output_mae_sec: 4.5715[1m22/67[0m [32m━━━━━━[0m[37m━━━━━━━━━━━━━━[0m [1m1:03[0m 1s/step - event_output_acc: 0.6164 - event_output_loss: 0.1026 - loss: 0.1369 - time_output_loss: 0.0672 - time_output_mae: 0.6497 - time_output_mae_sec: 4.5628[1m23/67[0m [32m━━━━━━[0m[37m━━━━━━━━━━━━━━[0m [1m1:01[0m 1s/step - event_output_acc: 0.6170 - event_output_loss: 0.1038 - loss: 0.1385 - time_output_loss: 0.0679 - time_output_mae: 0.6484 - time_output_mae_sec: 4.5542[1m24/67[0m [32m━━━━━━━[0m[37m━━━━━━━━━━━━━[0m [1m1:00[0m 1s/step - event_output_acc: 0.6175 - event_output_loss: 0.1050 - loss: 0.1401 - time_output_loss: 0.0686 - time_output_mae: 0.6472 - time_output_mae_sec: 4.5458[1m25/67[0m [32m━━━━━━━[0m[37m━━━━━━━━━━━━━[0m [1m58s[0m 1s/step - event_output_acc: 0.6180 - event_output_loss: 0.1063 - loss: 0.1417 - time_output_loss: 0.0694 - time_output_mae: 0.6461 - time_output_mae_sec: 4.5375 [1m26/67[0m [32m━━━━━━━[0m[37m━━━━━━━━━━━━━[0m [1m57s[0m 1s/step - event_output_acc: 0.6184 - event_output_loss: 0.1076 - loss: 0.1433 - time_output_loss: 0.0701 - time_output_mae: 0.6448 - time_output_mae_sec: 4.5289[1m27/67[0m [32m━━━━━━━━[0m[37m━━━━━━━━━━━━[0m [1m55s[0m 1s/step - event_output_acc: 0.6189 - event_output_loss: 0.1089 - loss: 0.1450 - time_output_loss: 0.0708 - time_output_mae: 0.6437 - time_output_mae_sec: 4.5207[1m28/67[0m [32m━━━━━━━━[0m[37m━━━━━━━━━━━━[0m [1m54s[0m 1s/step - event_output_acc: 0.6193 - event_output_loss: 0.1102 - loss: 0.1467 - time_output_loss: 0.0716 - time_output_mae: 0.6425 - time_output_mae_sec: 4.5128[1m29/67[0m [32m━━━━━━━━[0m[37m━━━━━━━━━━━━[0m [1m53s[0m 1s/step - event_output_acc: 0.6197 - event_output_loss: 0.1116 - loss: 0.1484 - time_output_loss: 0.0723 - time_output_mae: 0.6414 - time_output_mae_sec: 4.5049[1m30/67[0m [32m━━━━━━━━[0m[37m━━━━━━━━━━━━[0m [1m51s[0m 1s/step - event_output_acc: 0.6200 - event_output_loss: 0.1129 - loss: 0.1502 - time_output_loss: 0.0731 - time_output_mae: 0.6403 - time_output_mae_sec: 4.4972[1m31/67[0m [32m━━━━━━━━━[0m[37m━━━━━━━━━━━[0m [1m50s[0m 1s/step - event_output_acc: 0.6204 - event_output_loss: 0.1143 - loss: 0.1519 - time_output_loss: 0.0738 - time_output_mae: 0.6392 - time_output_mae_sec: 4.4897[1m32/67[0m [32m━━━━━━━━━[0m[37m━━━━━━━━━━━[0m [1m48s[0m 1s/step - event_output_acc: 0.6207 - event_output_loss: 0.1157 - loss: 0.1537 - time_output_loss: 0.0746 - time_output_mae: 0.6382 - time_output_mae_sec: 4.4823[1m33/67[0m [32m━━━━━━━━━[0m[37m━━━━━━━━━━━[0m [1m47s[0m 1s/step - event_output_acc: 0.6211 - event_output_loss: 0.1171 - loss: 0.1555 - time_output_loss: 0.0754 - time_output_mae: 0.6372 - time_output_mae_sec: 4.4751[1m34/67[0m [32m━━━━━━━━━━[0m[37m━━━━━━━━━━[0m [1m46s[0m 1s/step - event_output_acc: 0.6214 - event_output_loss: 0.1186 - loss: 0.1573 - time_output_loss: 0.0761 - time_output_mae: 0.6362 - time_output_mae_sec: 4.4681[1m35/67[0m [32m━━━━━━━━━━[0m[37m━━━━━━━━━━[0m [1m44s[0m 1s/step - event_output_acc: 0.6217 - event_output_loss: 0.1201 - loss: 0.1592 - time_output_loss: 0.0769 - time_output_mae: 0.6352 - time_output_mae_sec: 4.4612[1m36/67[0m [32m━━━━━━━━━━[0m[37m━━━━━━━━━━[0m [1m43s[0m 1s/step - event_output_acc: 0.6220 - event_output_loss: 0.1216 - loss: 0.1611 - time_output_loss: 0.0778 - time_output_mae: 0.6342 - time_output_mae_sec: 4.4542[1m37/67[0m [32m━━━━━━━━━━━[0m[37m━━━━━━━━━[0m [1m42s[0m 1s/step - event_output_acc: 0.6223 - event_output_loss: 0.1231 - loss: 0.1631 - time_output_loss: 0.0786 - time_output_mae: 0.6332 - time_output_mae_sec: 4.4474[1m38/67[0m [32m━━━━━━━━━━━[0m[37m━━━━━━━━━[0m [1m40s[0m 1s/step - event_output_acc: 0.6226 - event_output_loss: 0.1247 - loss: 0.1651 - time_output_loss: 0.0794 - time_output_mae: 0.6323 - time_output_mae_sec: 4.4407[1m39/67[0m [32m━━━━━━━━━━━[0m[37m━━━━━━━━━[0m [1m39s[0m 1s/step - event_output_acc: 0.6229 - event_output_loss: 0.1263 - loss: 0.1671 - time_output_loss: 0.0803 - time_output_mae: 0.6313 - time_output_mae_sec: 4.4340[1m40/67[0m [32m━━━━━━━━━━━[0m[37m━━━━━━━━━[0m [1m37s[0m 1s/step - event_output_acc: 0.6232 - event_output_loss: 0.1279 - loss: 0.1692 - time_output_loss: 0.0812 - time_output_mae: 0.6304 - time_output_mae_sec: 4.4273[1m41/67[0m [32m━━━━━━━━━━━━[0m[37m━━━━━━━━[0m [1m36s[0m 1s/step - event_output_acc: 0.6235 - event_output_loss: 0.1296 - loss: 0.1712 - time_output_loss: 0.0820 - time_output_mae: 0.6294 - time_output_mae_sec: 4.4208[1m42/67[0m [32m━━━━━━━━━━━━[0m[37m━━━━━━━━[0m [1m35s[0m 1s/step - event_output_acc: 0.6238 - event_output_loss: 0.1312 - loss: 0.1733 - time_output_loss: 0.0829 - time_output_mae: 0.6285 - time_output_mae_sec: 4.4145[1m43/67[0m [32m━━━━━━━━━━━━[0m[37m━━━━━━━━[0m [1m33s[0m 1s/step - event_output_acc: 0.6240 - event_output_loss: 0.1329 - loss: 0.1755 - time_output_loss: 0.0838 - time_output_mae: 0.6277 - time_output_mae_sec: 4.4087[1m44/67[0m [32m━━━━━━━━━━━━━[0m[37m━━━━━━━[0m [1m32s[0m 1s/step - event_output_acc: 0.6243 - event_output_loss: 0.1346 - loss: 0.1776 - time_output_loss: 0.0848 - time_output_mae: 0.6270 - time_output_mae_sec: 4.4038[1m45/67[0m [32m━━━━━━━━━━━━━[0m[37m━━━━━━━[0m [1m30s[0m 1s/step - event_output_acc: 0.6245 - event_output_loss: 0.1362 - loss: 0.1798 - time_output_loss: 0.0858 - time_output_mae: 0.6265 - time_output_mae_sec: 4.4001[1m46/67[0m [32m━━━━━━━━━━━━━[0m[37m━━━━━━━[0m [1m29s[0m 1s/step - event_output_acc: 0.6247 - event_output_loss: 0.1380 - loss: 0.1820 - time_output_loss: 0.0869 - time_output_mae: 0.6261 - time_output_mae_sec: 4.3970[1m47/67[0m [32m━━━━━━━━━━━━━━[0m[37m━━━━━━[0m [1m28s[0m 1s/step - event_output_acc: 0.6249 - event_output_loss: 0.1397 - loss: 0.1843 - time_output_loss: 0.0879 - time_output_mae: 0.6257 - time_output_mae_sec: 4.3943[1m48/67[0m [32m━━━━━━━━━━━━━━[0m[37m━━━━━━[0m [1m26s[0m 1s/step - event_output_acc: 0.6251 - event_output_loss: 0.1414 - loss: 0.1866 - time_output_loss: 0.0890 - time_output_mae: 0.6253 - time_output_mae_sec: 4.3915[1m49/67[0m [32m━━━━━━━━━━━━━━[0m[37m━━━━━━[0m [1m25s[0m 1s/step - event_output_acc: 0.6253 - event_output_loss: 0.1432 - loss: 0.1889 - time_output_loss: 0.0901 - time_output_mae: 0.6249 - time_output_mae_sec: 4.3886[1m50/67[0m [32m━━━━━━━━━━━━━━[0m[37m━━━━━━[0m [1m23s[0m 1s/step - event_output_acc: 0.6255 - event_output_loss: 0.1450 - loss: 0.1912 - time_output_loss: 0.0912 - time_output_mae: 0.6244 - time_output_mae_sec: 4.3856[1m51/67[0m [32m━━━━━━━━━━━━━━━[0m[37m━━━━━[0m [1m22s[0m 1s/step - event_output_acc: 0.6256 - event_output_loss: 0.1468 - loss: 0.1935 - time_output_loss: 0.0922 - time_output_mae: 0.6240 - time_output_mae_sec: 4.3825[1m52/67[0m [32m━━━━━━━━━━━━━━━[0m[37m━━━━━[0m [1m20s[0m 1s/step - event_output_acc: 0.6258 - event_output_loss: 0.1486 - loss: 0.1959 - time_output_loss: 0.0933 - time_output_mae: 0.6235 - time_output_mae_sec: 4.3793[1m53/67[0m [32m━━━━━━━━━━━━━━━[0m[37m━━━━━[0m [1m19s[0m 1s/step - event_output_acc: 0.6259 - event_output_loss: 0.1505 - loss: 0.1983 - time_output_loss: 0.0944 - time_output_mae: 0.6231 - time_output_mae_sec: 4.3763[1m54/67[0m [32m━━━━━━━━━━━━━━━━[0m[37m━━━━[0m [1m18s[0m 1s/step - event_output_acc: 0.6261 - event_output_loss: 0.1523 - loss: 0.2007 - time_output_loss: 0.0955 - time_output_mae: 0.6227 - time_output_mae_sec: 4.3734[1m55/67[0m [32m━━━━━━━━━━━━━━━━[0m[37m━━━━[0m [1m16s[0m 1s/step - event_output_acc: 0.6262 - event_output_loss: 0.1541 - loss: 0.2030 - time_output_loss: 0.0966 - time_output_mae: 0.6223 - time_output_mae_sec: 4.3706[1m56/67[0m [32m━━━━━━━━━━━━━━━━[0m[37m━━━━[0m [1m15s[0m 1s/step - event_output_acc: 0.6263 - event_output_loss: 0.1560 - loss: 0.2054 - time_output_loss: 0.0977 - time_output_mae: 0.6219 - time_output_mae_sec: 4.3678[1m57/67[0m [32m━━━━━━━━━━━━━━━━━[0m[37m━━━[0m [1m13s[0m 1s/step - event_output_acc: 0.6264 - event_output_loss: 0.1578 - loss: 0.2078 - time_output_loss: 0.0988 - time_output_mae: 0.6215 - time_output_mae_sec: 4.3649[1m58/67[0m [32m━━━━━━━━━━━━━━━━━[0m[37m━━━[0m [1m12s[0m 1s/step - event_output_acc: 0.6266 - event_output_loss: 0.1596 - loss: 0.2101 - time_output_loss: 0.0998 - time_output_mae: 0.6211 - time_output_mae_sec: 4.3620[1m59/67[0m [32m━━━━━━━━━━━━━━━━━[0m[37m━━━[0m [1m11s[0m 1s/step - event_output_acc: 0.6267 - event_output_loss: 0.1614 - loss: 0.2124 - time_output_loss: 0.1009 - time_output_mae: 0.6207 - time_output_mae_sec: 4.3591[1m60/67[0m [32m━━━━━━━━━━━━━━━━━[0m[37m━━━[0m [1m9s[0m 1s/step - event_output_acc: 0.6268 - event_output_loss: 0.1632 - loss: 0.2148 - time_output_loss: 0.1020 - time_output_mae: 0.6203 - time_output_mae_sec: 4.3562 [1m61/67[0m [32m━━━━━━━━━━━━━━━━━━[0m[37m━━[0m [1m8s[0m 1s/step - event_output_acc: 0.6269 - event_output_loss: 0.1650 - loss: 0.2171 - time_output_loss: 0.1030 - time_output_mae: 0.6198 - time_output_mae_sec: 4.3534[1m62/67[0m [32m━━━━━━━━━━━━━━━━━━[0m[37m━━[0m [1m7s[0m 1s/step - event_output_acc: 0.6270 - event_output_loss: 0.1667 - loss: 0.2193 - time_output_loss: 0.1040 - time_output_mae: 0.6194 - time_output_mae_sec: 4.3505[1m63/67[0m [32m━━━━━━━━━━━━━━━━━━[0m[37m━━[0m [1m5s[0m 1s/step - event_output_acc: 0.6271 - event_output_loss: 0.1685 - loss: 0.2216 - time_output_loss: 0.1050 - time_output_mae: 0.6190 - time_output_mae_sec: 4.3476[1m64/67[0m [32m━━━━━━━━━━━━━━━━━━━[0m[37m━[0m [1m4s[0m 1s/step - event_output_acc: 0.6271 - event_output_loss: 0.1703 - loss: 0.2239 - time_output_loss: 0.1061 - time_output_mae: 0.6186 - time_output_mae_sec: 4.3447[1m65/67[0m [32m━━━━━━━━━━━━━━━━━━━[0m[37m━[0m [1m2s[0m 1s/step - event_output_acc: 0.6272 - event_output_loss: 0.1720 - loss: 0.2261 - time_output_loss: 0.1070 - time_output_mae: 0.6182 - time_output_mae_sec: 4.3417[1m66/67[0m [32m━━━━━━━━━━━━━━━━━━━[0m[37m━[0m [1m1s[0m 1s/step - event_output_acc: 0.6273 - event_output_loss: 0.1737 - loss: 0.2283 - time_output_loss: 0.1080 - time_output_mae: 0.6178 - time_output_mae_sec: 4.3388[1m67/67[0m [32m━━━━━━━━━━━━━━━━━━━━[0m[37m[0m [1m0s[0m 1s/step - event_output_acc: 0.6274 - event_output_loss: 0.1754 - loss: 0.2305 - time_output_loss: 0.1090 - time_output_mae: 0.6174 - time_output_mae_sec: 4.3359[1m67/67[0m [32m━━━━━━━━━━━━━━━━━━━━[0m[37m[0m [1m105s[0m 2s/step - event_output_acc: 0.6322 - event_output_loss: 0.2884 - loss: 0.3748 - time_output_loss: 0.1734 - time_output_mae: 0.5900 - time_output_mae_sec: 4.1441 - val_event_output_acc: 0.6344 - val_event_output_loss: 0.1893 - val_loss: 0.2353 - val_time_output_loss: 0.1020 - val_time_output_mae: 0.5298 - val_time_output_mae_sec: 3.7209 - scheduled_sampling_p: 0.0000e+00
Epoch 3/50
[1m 1/67[0m [37m━━━━━━━━━━━━━━━━━━━━[0m [1m1:58[0m 2s/step - event_output_acc: 0.6326 - event_output_loss: 0.0711 - loss: 0.0930 - time_output_loss: 0.0437 - time_output_mae: 0.5865 - time_output_mae_sec: 4.1192[1m 2/67[0m [37m━━━━━━━━━━━━━━━━━━━━[0m [1m1:33[0m 1s/step - event_output_acc: 0.6334 - event_output_loss: 0.0717 - loss: 0.0939 - time_output_loss: 0.0442 - time_output_mae: 0.5917 - time_output_mae_sec: 4.1560[1m 3/67[0m [37m━━━━━━━━━━━━━━━━━━━━[0m [1m1:31[0m 1s/step - event_output_acc: 0.6334 - event_output_loss: 0.0723 - loss: 0.0949 - time_output_loss: 0.0448 - time_output_mae: 0.5969 - time_output_mae_sec: 4.1925[1m 4/67[0m [32m━[0m[37m━━━━━━━━━━━━━━━━━━━[0m [1m1:29[0m 1s/step - event_output_acc: 0.6338 - event_output_loss: 0.0731 - loss: 0.0959 - time_output_loss: 0.0454 - time_output_mae: 0.5986 - time_output_mae_sec: 4.2042[1m 5/67[0m [32m━[0m[37m━━━━━━━━━━━━━━━━━━━[0m [1m1:27[0m 1s/step - event_output_acc: 0.6336 - event_output_loss: 0.0740 - loss: 0.0971 - time_output_loss: 0.0459 - time_output_mae: 0.5980 - time_output_mae_sec: 4.2000[1m 6/67[0m [32m━[0m[37m━━━━━━━━━━━━━━━━━━━[0m [1m1:26[0m 1s/step - event_output_acc: 0.6333 - event_output_loss: 0.0750 - loss: 0.0983 - time_output_loss: 0.0465 - time_output_mae: 0.5968 - time_output_mae_sec: 4.1918[1m 7/67[0m [32m━━[0m[37m━━━━━━━━━━━━━━━━━━[0m [1m1:24[0m 1s/step - event_output_acc: 0.6330 - event_output_loss: 0.0760 - loss: 0.0997 - time_output_loss: 0.0471 - time_output_mae: 0.5958 - time_output_mae_sec: 4.1847[1m 8/67[0m [32m━━[0m[37m━━━━━━━━━━━━━━━━━━[0m [1m1:23[0m 1s/step - event_output_acc: 0.6327 - event_output_loss: 0.0771 - loss: 0.1010 - time_output_loss: 0.0477 - time_output_mae: 0.5947 - time_output_mae_sec: 4.1767[1m 9/67[0m [32m━━[0m[37m━━━━━━━━━━━━━━━━━━[0m [1m1:21[0m 1s/step - event_output_acc: 0.6326 - event_output_loss: 0.0780 - loss: 0.1022 - time_output_loss: 0.0482 - time_output_mae: 0.5937 - time_output_mae_sec: 4.1697[1m10/67[0m [32m━━[0m[37m━━━━━━━━━━━━━━━━━━[0m [1m1:20[0m 1s/step - event_output_acc: 0.6326 - event_output_loss: 0.0790 - loss: 0.1035 - time_output_loss: 0.0487 - time_output_mae: 0.5929 - time_output_mae_sec: 4.1640[1m11/67[0m [32m━━━[0m[37m━━━━━━━━━━━━━━━━━[0m [1m1:19[0m 1s/step - event_output_acc: 0.6327 - event_output_loss: 0.0800 - loss: 0.1047 - time_output_loss: 0.0493 - time_output_mae: 0.5921 - time_output_mae_sec: 4.1584[1m12/67[0m [32m━━━[0m[37m━━━━━━━━━━━━━━━━━[0m [1m1:17[0m 1s/step - event_output_acc: 0.6328 - event_output_loss: 0.0810 - loss: 0.1060 - time_output_loss: 0.0498 - time_output_mae: 0.5913 - time_output_mae_sec: 4.1526[1m13/67[0m [32m━━━[0m[37m━━━━━━━━━━━━━━━━━[0m [1m1:16[0m 1s/step - event_output_acc: 0.6329 - event_output_loss: 0.0820 - loss: 0.1073 - time_output_loss: 0.0504 - time_output_mae: 0.5906 - time_output_mae_sec: 4.1477[1m14/67[0m [32m━━━━[0m[37m━━━━━━━━━━━━━━━━[0m [1m1:14[0m 1s/step - event_output_acc: 0.6330 - event_output_loss: 0.0831 - loss: 0.1087 - time_output_loss: 0.0510 - time_output_mae: 0.5898 - time_output_mae_sec: 4.1425[1m15/67[0m [32m━━━━[0m[37m━━━━━━━━━━━━━━━━[0m [1m1:13[0m 1s/step - event_output_acc: 0.6331 - event_output_loss: 0.0843 - loss: 0.1102 - time_output_loss: 0.0517 - time_output_mae: 0.5891 - time_output_mae_sec: 4.1371[1m16/67[0m [32m━━━━[0m[37m━━━━━━━━━━━━━━━━[0m [1m1:11[0m 1s/step - event_output_acc: 0.6332 - event_output_loss: 0.0854 - loss: 0.1117 - time_output_loss: 0.0523 - time_output_mae: 0.5884 - time_output_mae_sec: 4.1324[1m17/67[0m [32m━━━━━[0m[37m━━━━━━━━━━━━━━━[0m [1m1:10[0m 1s/step - event_output_acc: 0.6333 - event_output_loss: 0.0866 - loss: 0.1132 - time_output_loss: 0.0530 - time_output_mae: 0.5876 - time_output_mae_sec: 4.1272[1m18/67[0m [32m━━━━━[0m[37m━━━━━━━━━━━━━━━[0m [1m1:09[0m 1s/step - event_output_acc: 0.6334 - event_output_loss: 0.0878 - loss: 0.1147 - time_output_loss: 0.0536 - time_output_mae: 0.5869 - time_output_mae_sec: 4.1219[1m19/67[0m [32m━━━━━[0m[37m━━━━━━━━━━━━━━━[0m [1m1:07[0m 1s/step - event_output_acc: 0.6335 - event_output_loss: 0.0890 - loss: 0.1162 - time_output_loss: 0.0543 - time_output_mae: 0.5860 - time_output_mae_sec: 4.1160[1m20/67[0m [32m━━━━━[0m[37m━━━━━━━━━━━━━━━[0m [1m1:06[0m 1s/step - event_output_acc: 0.6336 - event_output_loss: 0.0902 - loss: 0.1178 - time_output_loss: 0.0549 - time_output_mae: 0.5852 - time_output_mae_sec: 4.1100[1m21/67[0m [32m━━━━━━[0m[37m━━━━━━━━━━━━━━[0m [1m1:05[0m 1s/step - event_output_acc: 0.6337 - event_output_loss: 0.0915 - loss: 0.1193 - time_output_loss: 0.0556 - time_output_mae: 0.5844 - time_output_mae_sec: 4.1042[1m22/67[0m [32m━━━━━━[0m[37m━━━━━━━━━━━━━━[0m [1m1:03[0m 1s/step - event_output_acc: 0.6338 - event_output_loss: 0.0927 - loss: 0.1209 - time_output_loss: 0.0562 - time_output_mae: 0.5835 - time_output_mae_sec: 4.0984[1m23/67[0m [32m━━━━━━[0m[37m━━━━━━━━━━━━━━[0m [1m1:02[0m 1s/step - event_output_acc: 0.6339 - event_output_loss: 0.0940 - loss: 0.1225 - time_output_loss: 0.0569 - time_output_mae: 0.5827 - time_output_mae_sec: 4.0925[1m24/67[0m [32m━━━━━━━[0m[37m━━━━━━━━━━━━━[0m [1m1:00[0m 1s/step - event_output_acc: 0.6340 - event_output_loss: 0.0953 - loss: 0.1242 - time_output_loss: 0.0576 - time_output_mae: 0.5819 - time_output_mae_sec: 4.0866[1m25/67[0m [32m━━━━━━━[0m[37m━━━━━━━━━━━━━[0m [1m59s[0m 1s/step - event_output_acc: 0.6341 - event_output_loss: 0.0967 - loss: 0.1259 - time_output_loss: 0.0582 - time_output_mae: 0.5810 - time_output_mae_sec: 4.0808 [1m26/67[0m [32m━━━━━━━[0m[37m━━━━━━━━━━━━━[0m [1m58s[0m 1s/step - event_output_acc: 0.6341 - event_output_loss: 0.0980 - loss: 0.1276 - time_output_loss: 0.0589 - time_output_mae: 0.5802 - time_output_mae_sec: 4.0749[1m27/67[0m [32m━━━━━━━━[0m[37m━━━━━━━━━━━━[0m [1m56s[0m 1s/step - event_output_acc: 0.6342 - event_output_loss: 0.0994 - loss: 0.1293 - time_output_loss: 0.0596 - time_output_mae: 0.5794 - time_output_mae_sec: 4.0692[1m28/67[0m [32m━━━━━━━━[0m[37m━━━━━━━━━━━━[0m [1m55s[0m 1s/step - event_output_acc: 0.6343 - event_output_loss: 0.1009 - loss: 0.1311 - time_output_loss: 0.0604 - time_output_mae: 0.5786 - time_output_mae_sec: 4.0634[1m29/67[0m [32m━━━━━━━━[0m[37m━━━━━━━━━━━━[0m [1m53s[0m 1s/step - event_output_acc: 0.6343 - event_output_loss: 0.1023 - loss: 0.1330 - time_output_loss: 0.0611 - time_output_mae: 0.5777 - time_output_mae_sec: 4.0577[1m30/67[0m [32m━━━━━━━━[0m[37m━━━━━━━━━━━━[0m [1m52s[0m 1s/step - event_output_acc: 0.6343 - event_output_loss: 0.1038 - loss: 0.1348 - time_output_loss: 0.0618 - time_output_mae: 0.5770 - time_output_mae_sec: 4.0522[1m31/67[0m [32m━━━━━━━━━[0m[37m━━━━━━━━━━━[0m [1m50s[0m 1s/step - event_output_acc: 0.6344 - event_output_loss: 0.1053 - loss: 0.1367 - time_output_loss: 0.0626 - time_output_mae: 0.5762 - time_output_mae_sec: 4.0468[1m32/67[0m [32m━━━━━━━━━[0m[37m━━━━━━━━━━━[0m [1m49s[0m 1s/step - event_output_acc: 0.6344 - event_output_loss: 0.1068 - loss: 0.1386 - time_output_loss: 0.0633 - time_output_mae: 0.5755 - time_output_mae_sec: 4.0416[1m33/67[0m [32m━━━━━━━━━[0m[37m━━━━━━━━━━━[0m [1m48s[0m 1s/step - event_output_acc: 0.6344 - event_output_loss: 0.1084 - loss: 0.1405 - time_output_loss: 0.0641 - time_output_mae: 0.5747 - time_output_mae_sec: 4.0365[1m34/67[0m [32m━━━━━━━━━━[0m[37m━━━━━━━━━━[0m [1m46s[0m 1s/step - event_output_acc: 0.6345 - event_output_loss: 0.1099 - loss: 0.1424 - time_output_loss: 0.0649 - time_output_mae: 0.5740 - time_output_mae_sec: 4.0314[1m35/67[0m [32m━━━━━━━━━━[0m[37m━━━━━━━━━━[0m [1m45s[0m 1s/step - event_output_acc: 0.6345 - event_output_loss: 0.1115 - loss: 0.1444 - time_output_loss: 0.0657 - time_output_mae: 0.5733 - time_output_mae_sec: 4.0265[1m36/67[0m [32m━━━━━━━━━━[0m[37m━━━━━━━━━━[0m [1m43s[0m 1s/step - event_output_acc: 0.6345 - event_output_loss: 0.1131 - loss: 0.1463 - time_output_loss: 0.0665 - time_output_mae: 0.5726 - time_output_mae_sec: 4.0218[1m37/67[0m [32m━━━━━━━━━━━[0m[37m━━━━━━━━━[0m [1m42s[0m 1s/step - event_output_acc: 0.6346 - event_output_loss: 0.1147 - loss: 0.1484 - time_output_loss: 0.0673 - time_output_mae: 0.5720 - time_output_mae_sec: 4.0173[1m38/67[0m [32m━━━━━━━━━━━[0m[37m━━━━━━━━━[0m [1m40s[0m 1s/step - event_output_acc: 0.6346 - event_output_loss: 0.1163 - loss: 0.1504 - time_output_loss: 0.0681 - time_output_mae: 0.5714 - time_output_mae_sec: 4.0128[1m39/67[0m [32m━━━━━━━━━━━[0m[37m━━━━━━━━━[0m [1m39s[0m 1s/step - event_output_acc: 0.6346 - event_output_loss: 0.1179 - loss: 0.1524 - time_output_loss: 0.0689 - time_output_mae: 0.5707 - time_output_mae_sec: 4.0085[1m40/67[0m [32m━━━━━━━━━━━[0m[37m━━━━━━━━━[0m [1m38s[0m 1s/step - event_output_acc: 0.6347 - event_output_loss: 0.1195 - loss: 0.1545 - time_output_loss: 0.0697 - time_output_mae: 0.5701 - time_output_mae_sec: 4.0042[1m41/67[0m [32m━━━━━━━━━━━━[0m[37m━━━━━━━━[0m [1m36s[0m 1s/step - event_output_acc: 0.6347 - event_output_loss: 0.1212 - loss: 0.1565 - time_output_loss: 0.0706 - time_output_mae: 0.5695 - time_output_mae_sec: 4.0001[1m42/67[0m [32m━━━━━━━━━━━━[0m[37m━━━━━━━━[0m [1m35s[0m 1s/step - event_output_acc: 0.6347 - event_output_loss: 0.1229 - loss: 0.1587 - time_output_loss: 0.0714 - time_output_mae: 0.5690 - time_output_mae_sec: 3.9960[1m43/67[0m [32m━━━━━━━━━━━━[0m[37m━━━━━━━━[0m [1m33s[0m 1s/step - event_output_acc: 0.6347 - event_output_loss: 0.1246 - loss: 0.1608 - time_output_loss: 0.0723 - time_output_mae: 0.5684 - time_output_mae_sec: 3.9922[1m44/67[0m [32m━━━━━━━━━━━━━[0m[37m━━━━━━━[0m [1m32s[0m 1s/step - event_output_acc: 0.6347 - event_output_loss: 0.1263 - loss: 0.1629 - time_output_loss: 0.0731 - time_output_mae: 0.5679 - time_output_mae_sec: 3.9884[1m45/67[0m [32m━━━━━━━━━━━━━[0m[37m━━━━━━━[0m [1m31s[0m 1s/step - event_output_acc: 0.6348 - event_output_loss: 0.1280 - loss: 0.1651 - time_output_loss: 0.0740 - time_output_mae: 0.5674 - time_output_mae_sec: 3.9847[1m46/67[0m [32m━━━━━━━━━━━━━[0m[37m━━━━━━━[0m [1m29s[0m 1s/step - event_output_acc: 0.6348 - event_output_loss: 0.1297 - loss: 0.1672 - time_output_loss: 0.0749 - time_output_mae: 0.5668 - time_output_mae_sec: 3.9812[1m47/67[0m [32m━━━━━━━━━━━━━━[0m[37m━━━━━━[0m [1m28s[0m 1s/step - event_output_acc: 0.6348 - event_output_loss: 0.1315 - loss: 0.1694 - time_output_loss: 0.0758 - time_output_mae: 0.5664 - time_output_mae_sec: 3.9778[1m48/67[0m [32m━━━━━━━━━━━━━━[0m[37m━━━━━━[0m [1m26s[0m 1s/step - event_output_acc: 0.6348 - event_output_loss: 0.1332 - loss: 0.1716 - time_output_loss: 0.0767 - time_output_mae: 0.5659 - time_output_mae_sec: 3.9744[1m49/67[0m [32m━━━━━━━━━━━━━━[0m[37m━━━━━━[0m [1m25s[0m 1s/step - event_output_acc: 0.6348 - event_output_loss: 0.1350 - loss: 0.1738 - time_output_loss: 0.0776 - time_output_mae: 0.5654 - time_output_mae_sec: 3.9711[1m50/67[0m [32m━━━━━━━━━━━━━━[0m[37m━━━━━━[0m [1m23s[0m 1s/step - event_output_acc: 0.6348 - event_output_loss: 0.1367 - loss: 0.1760 - time_output_loss: 0.0785 - time_output_mae: 0.5650 - time_output_mae_sec: 3.9680[1m51/67[0m [32m━━━━━━━━━━━━━━━[0m[37m━━━━━[0m [1m22s[0m 1s/step - event_output_acc: 0.6348 - event_output_loss: 0.1385 - loss: 0.1783 - time_output_loss: 0.0794 - time_output_mae: 0.5645 - time_output_mae_sec: 3.9649[1m52/67[0m [32m━━━━━━━━━━━━━━━[0m[37m━━━━━[0m [1m21s[0m 1s/step - event_output_acc: 0.6348 - event_output_loss: 0.1403 - loss: 0.1805 - time_output_loss: 0.0803 - time_output_mae: 0.5641 - time_output_mae_sec: 3.9619[1m53/67[0m [32m━━━━━━━━━━━━━━━[0m[37m━━━━━[0m [1m19s[0m 1s/step - event_output_acc: 0.6348 - event_output_loss: 0.1421 - loss: 0.1828 - time_output_loss: 0.0813 - time_output_mae: 0.5637 - time_output_mae_sec: 3.9589[1m54/67[0m [32m━━━━━━━━━━━━━━━━[0m[37m━━━━[0m [1m18s[0m 1s/step - event_output_acc: 0.6348 - event_output_loss: 0.1440 - loss: 0.1851 - time_output_loss: 0.0822 - time_output_mae: 0.5633 - time_output_mae_sec: 3.9561[1m55/67[0m [32m━━━━━━━━━━━━━━━━[0m[37m━━━━[0m [1m16s[0m 1s/step - event_output_acc: 0.6348 - event_output_loss: 0.1458 - loss: 0.1874 - time_output_loss: 0.0831 - time_output_mae: 0.5629 - time_output_mae_sec: 3.9533[1m56/67[0m [32m━━━━━━━━━━━━━━━━[0m[37m━━━━[0m [1m15s[0m 1s/step - event_output_acc: 0.6348 - event_output_loss: 0.1476 - loss: 0.1897 - time_output_loss: 0.0841 - time_output_mae: 0.5625 - time_output_mae_sec: 3.9507[1m57/67[0m [32m━━━━━━━━━━━━━━━━━[0m[37m━━━[0m [1m14s[0m 1s/step - event_output_acc: 0.6348 - event_output_loss: 0.1494 - loss: 0.1920 - time_output_loss: 0.0850 - time_output_mae: 0.5622 - time_output_mae_sec: 3.9482[1m58/67[0m [32m━━━━━━━━━━━━━━━━━[0m[37m━━━[0m [1m12s[0m 1s/step - event_output_acc: 0.6347 - event_output_loss: 0.1513 - loss: 0.1943 - time_output_loss: 0.0860 - time_output_mae: 0.5618 - time_output_mae_sec: 3.9458[1m59/67[0m [32m━━━━━━━━━━━━━━━━━[0m[37m━━━[0m [1m11s[0m 1s/step - event_output_acc: 0.6347 - event_output_loss: 0.1531 - loss: 0.1966 - time_output_loss: 0.0869 - time_output_mae: 0.5615 - time_output_mae_sec: 3.9435[1m60/67[0m [32m━━━━━━━━━━━━━━━━━[0m[37m━━━[0m [1m9s[0m 1s/step - event_output_acc: 0.6347 - event_output_loss: 0.1549 - loss: 0.1989 - time_output_loss: 0.0879 - time_output_mae: 0.5612 - time_output_mae_sec: 3.9413 [1m61/67[0m [32m━━━━━━━━━━━━━━━━━━[0m[37m━━[0m [1m8s[0m 1s/step - event_output_acc: 0.6347 - event_output_loss: 0.1567 - loss: 0.2011 - time_output_loss: 0.0888 - time_output_mae: 0.5609 - time_output_mae_sec: 3.9392[1m62/67[0m [32m━━━━━━━━━━━━━━━━━━[0m[37m━━[0m [1m7s[0m 1s/step - event_output_acc: 0.6347 - event_output_loss: 0.1585 - loss: 0.2034 - time_output_loss: 0.0897 - time_output_mae: 0.5606 - time_output_mae_sec: 3.9371[1m63/67[0m [32m━━━━━━━━━━━━━━━━━━[0m[37m━━[0m [1m5s[0m 1s/step - event_output_acc: 0.6347 - event_output_loss: 0.1602 - loss: 0.2056 - time_output_loss: 0.0907 - time_output_mae: 0.5603 - time_output_mae_sec: 3.9352[1m64/67[0m [32m━━━━━━━━━━━━━━━━━━━[0m[37m━[0m [1m4s[0m 1s/step - event_output_acc: 0.6346 - event_output_loss: 0.1620 - loss: 0.2079 - time_output_loss: 0.0916 - time_output_mae: 0.5600 - time_output_mae_sec: 3.9333[1m65/67[0m [32m━━━━━━━━━━━━━━━━━━━[0m[37m━[0m [1m2s[0m 1s/step - event_output_acc: 0.6346 - event_output_loss: 0.1638 - loss: 0.2101 - time_output_loss: 0.0925 - time_output_mae: 0.5598 - time_output_mae_sec: 3.9315[1m66/67[0m [32m━━━━━━━━━━━━━━━━━━━[0m[37m━[0m [1m1s[0m 1s/step - event_output_acc: 0.6346 - event_output_loss: 0.1655 - loss: 0.2123 - time_output_loss: 0.0934 - time_output_mae: 0.5595 - time_output_mae_sec: 3.9297[1m67/67[0m [32m━━━━━━━━━━━━━━━━━━━━[0m[37m[0m [1m0s[0m 1s/step - event_output_acc: 0.6346 - event_output_loss: 0.1672 - loss: 0.2144 - time_output_loss: 0.0944 - time_output_mae: 0.5593 - time_output_mae_sec: 3.9279WARNING:tensorflow:5 out of the last 5 calls to <function _compiled_forward.<locals>.<lambda> at 0x7858a05ab2e0> triggered tf.function retracing. Tracing is expensive and the excessive number of tracings could be due to (1) creating @tf.function repeatedly in a loop, (2) passing tensors with different shapes, (3) passing Python objects instead of tensors. For (1), please define your @tf.function outside of the loop. For (2), @tf.function has reduce_retracing=True option that can avoid unnecessary retracing. For (3), please refer to https://www.tensorflow.org/guide/function#controlling_retracing and https://www.tensorflow.org/api_docs/python/tf/function for  more details.
WARNING:tensorflow:6 out of the last 6 calls to <function _compiled_forward.<locals>.<lambda> at 0x7858042c4d60> triggered tf.function retracing. Tracing is expensive and the excessive number of tracings could be due to (1) creating @tf.function repeatedly in a loop, (2) passing tensors with different shapes, (3) passing Python objects instead of tensors. For (1), please define your @tf.function outside of the loop. For (2), @tf.function has reduce_retracing=True option that can avoid unnecessary retracing. For (3), please refer to https://www.tensorflow.org/guide/function#controlling_retracing and https://www.tensorflow.org/api_docs/python/tf/function for  more details.
[rollout] scoring 20 games x 10 sims every 3 epochs, compiled inference, budget 25 min/evaluation.
[rollout] epoch 3: 1/200 sims, 15.0 min elapsed, ~3003 min projected
[rollout] epoch 3: 14/200 sims, 16.1 min elapsed, ~229 min projected
[rollout] epoch 3: 44/200 sims, 17.2 min elapsed, ~78 min projected
[rollout] epoch 3: 49/200 sims, 27.7 min elapsed, ~113 min projected
[rollout] epoch 3: 52/200 sims, 28.8 min elapsed, ~111 min projected
[rollout] epoch 3: 69/200 sims, 29.8 min elapsed, ~86 min projected
[rollout] epoch 3: 94/200 sims, 31.0 min elapsed, ~66 min projected
[rollout] epoch 3: 97/200 sims, 41.1 min elapsed, ~85 min projected
[rollout] epoch 3: 104/200 sims, 42.1 min elapsed, ~81 min projected
[rollout] epoch 3: 117/200 sims, 43.3 min elapsed, ~74 min projected
[rollout] epoch 3: 141/200 sims, 44.6 min elapsed, ~63 min projected
[rollout] epoch 3: 145/200 sims, 53.9 min elapsed, ~74 min projected
[rollout] epoch 3: 148/200 sims, 55.1 min elapsed, ~75 min projected
[rollout] epoch 3: 150/200 sims, 56.4 min elapsed, ~75 min projected
[rollout] epoch 3: 160/200 sims, 57.4 min elapsed, ~72 min projected
[rollout] epoch 3: 188/200 sims, 58.5 min elapsed, ~62 min projected
[rollout] epoch 3: 193/200 sims, 61.8 min elapsed, ~64 min projected
Traceback (most recent call last):
  File "/workspace/CourtVisionIQ/train.py", line 103, in <module>
    main()
  File "/workspace/CourtVisionIQ/train.py", line 88, in main
    run.retrain_model(args.model, batch_size=args.batch_size)
  File "/workspace/CourtVisionIQ/training/full_run.py", line 588, in retrain_model
    run_stage(
  File "/workspace/CourtVisionIQ/models/pipeline.py", line 246, in run_stage
    _train(et, EventTimeModel.KEY)
  File "/workspace/CourtVisionIQ/models/pipeline.py", line 235, in _train
    model.train(epochs=epochs, batch_size=bs, lr=lr, patience=patience,
  File "/workspace/CourtVisionIQ/models/event_time_model.py", line 901, in train
    history = model.fit(
              ^^^^^^^^^^
  File "/workspace/CourtVisionIQ/.venv/lib/python3.11/site-packages/keras/src/utils/traceback_utils.py", line 122, in error_handler
    raise e.with_traceback(filtered_tb) from None
  File "/workspace/CourtVisionIQ/models/rollout_selection.py", line 179, in on_epoch_end
    score = score_fn(epoch)
            ^^^^^^^^^^^^^^^
  File "/workspace/CourtVisionIQ/models/rollout_bridge.py", line 258, in score_fn
    probes = scored_probe_rows({"sim": sim_probe_summary(histories), "real": _real_summary()})
             ^^^^^^^^^^^^^^^^^^^^^^^^^^^^^^^^^^^^^^^^^^^^^^^^^^^^^^^^^^^^^^^^^^^^^^^^^^^^^^^^^
  File "/workspace/CourtVisionIQ/models/rollout_bridge.py", line 73, in scored_probe_rows
    rows = [r for r in _rows_for_frame(report) if (r["probe"], r["metric"]) in wanted]
                       ^^^^^^^^^^^^^^^^^^^^^^^
  File "/workspace/CourtVisionIQ/reporting/state_probes.py", line 332, in _rows_for_frame
    s, r = sim[f"foul_trouble_{k}"], real[f"foul_trouble_{k}"]
                                     ~~~~^^^^^^^^^^^^^^^^^^^^^
KeyError: 'foul_trouble_3'
