nohup: ignoring input
2026-09-22 15:21:44.398876: I tensorflow/core/util/port.cc:153] oneDNN custom operations are on. You may see slightly different numerical results due to floating-point round-off errors from different computation orders. To turn them off, set the environment variable `TF_ENABLE_ONEDNN_OPTS=0`.
2026-09-22 15:21:45.947672: I tensorflow/core/platform/cpu_feature_guard.cc:210] This TensorFlow binary is optimized to use available CPU instructions in performance-critical operations.
To enable the following instructions: AVX2 AVX512F AVX512_VNNI AVX512_BF16 FMA, in other operations, rebuild TensorFlow with the appropriate compiler flags.
2026-09-22 15:21:54.929097: I tensorflow/core/util/port.cc:153] oneDNN custom operations are on. You may see slightly different numerical results due to floating-point round-off errors from different computation orders. To turn them off, set the environment variable `TF_ENABLE_ONEDNN_OPTS=0`.
WARNING: All log messages before absl::InitializeLog() is called are written to STDERR
I0000 00:00:1790091889.866824  262930 gpu_device.cc:2020] Created device /job:localhost/replica:0/task:0/device:GPU:0 with 43500 MB memory:  -> device: 0, name: NVIDIA L40S, pci bus id: 0000:84:00.0, compute capability: 8.9
2026-09-22 15:44:57.169893: E tensorflow/core/util/util.cc:131] oneDNN supports DT_HALF only on platforms with AVX-512. Falling back to the default Eigen-based implementation if present.

======================================================================
[retrain] subset heads ['event_time', 'event_time_cond', 'player', 'shot_type', 'shot_result', 'assist_type', 'turnover_type', 'foul_type', 'rebound_type', 'timeout_team', 'substitution', 'sub_decision']
[retrain]   -> 4274 games, every head
======================================================================
[retrain] 'event_time' only -> ./artifacts/version3.2/event_time (other heads left in place)
[retrain] batch 64
Preprocessed 4274 train / 3167 test / 700 holdout games -> data/processed (SEQ=600)

======================================================================
[stage] training 'event_time' (fresh init, batch 64)
======================================================================
Training on GPU x1
Model: "EventTimeModel"
┏━━━━━━━━━━━━━━━━━━━━━┳━━━━━━━━━━━━━━━━━━━┳━━━━━━━━━━━━┳━━━━━━━━━━━━━━━━━━━┓
┃ Layer (type)        ┃ Output Shape      ┃    Param # ┃ Connected to      ┃
┡━━━━━━━━━━━━━━━━━━━━━╇━━━━━━━━━━━━━━━━━━━╇━━━━━━━━━━━━╇━━━━━━━━━━━━━━━━━━━┩
│ prior_home          │ (None, 600, 5,    │          0 │ -                 │
│ (InputLayer)        │ 17)               │            │                   │
├─────────────────────┼───────────────────┼────────────┼───────────────────┤
│ prior_away          │ (None, 600, 5,    │          0 │ -                 │
│ (InputLayer)        │ 17)               │            │                   │
├─────────────────────┼───────────────────┼────────────┼───────────────────┤
│ event (InputLayer)  │ (None, 600)       │          0 │ -                 │
├─────────────────────┼───────────────────┼────────────┼───────────────────┤
│ player (InputLayer) │ (None, 600)       │          0 │ -                 │
├─────────────────────┼───────────────────┼────────────┼───────────────────┤
│ type (InputLayer)   │ (None, 600)       │          0 │ -                 │
├─────────────────────┼───────────────────┼────────────┼───────────────────┤
│ result (InputLayer) │ (None, 600)       │          0 │ -                 │
├─────────────────────┼───────────────────┼────────────┼───────────────────┤
│ season (InputLayer) │ (None, 600)       │          0 │ -                 │
├─────────────────────┼───────────────────┼────────────┼───────────────────┤
│ secondary_player    │ (None, 600)       │          0 │ -                 │
│ (InputLayer)        │                   │            │                   │
├─────────────────────┼───────────────────┼────────────┼───────────────────┤
│ home_roster         │ (None, 600, 5)    │          0 │ -                 │
│ (InputLayer)        │                   │            │                   │
├─────────────────────┼───────────────────┼────────────┼───────────────────┤
│ rest_home           │ (None, 600, 5)    │          0 │ -                 │
│ (InputLayer)        │                   │            │                   │
├─────────────────────┼───────────────────┼────────────┼───────────────────┤
│ stint_seconds_home  │ (None, 600, 5)    │          0 │ -                 │
│ (InputLayer)        │                   │            │                   │
├─────────────────────┼───────────────────┼────────────┼───────────────────┤
│ played_seconds_home │ (None, 600, 5)    │          0 │ -                 │
│ (InputLayer)        │                   │            │                   │
├─────────────────────┼───────────────────┼────────────┼───────────────────┤
│ court_fouls_home    │ (None, 600, 5)    │          0 │ -                 │
│ (InputLayer)        │                   │            │                   │
├─────────────────────┼───────────────────┼────────────┼───────────────────┤
│ unstack (Unstack)   │ [(None, 600, 5),  │          0 │ prior_home[0][0]  │
│                     │ (None, 600, 5),   │            │                   │
│                     │ (None, 600, 5),   │            │                   │
│                     │ (None, 600, 5),   │            │                   │
│                     │ (None, 600, 5),   │            │                   │
│                     │ (None, 600, 5),   │            │                   │
│                     │ (None, 600, 5),   │            │                   │
│                     │ (None, 600, 5),   │            │                   │
│                     │ (None, 600, 5),   │            │                   │
│                     │ (None, 600, 5),   │            │                   │
│                     │ (None, 600, 5),   │            │                   │
│                     │ (None, 600, 5),   │            │                   │
│                     │ (None, 600, 5),   │            │                   │
│                     │ (None, 600, 5),   │            │                   │
│                     │ (None, 600, 5),   │            │                   │
│                     │ (None, 600, 5),   │            │                   │
│                     │ (None, 600, 5)]   │            │                   │
├─────────────────────┼───────────────────┼────────────┼───────────────────┤
│ away_roster         │ (None, 600, 5)    │          0 │ -                 │
│ (InputLayer)        │                   │            │                   │
├─────────────────────┼───────────────────┼────────────┼───────────────────┤
│ rest_away           │ (None, 600, 5)    │          0 │ -                 │
│ (InputLayer)        │                   │            │                   │
├─────────────────────┼───────────────────┼────────────┼───────────────────┤
│ stint_seconds_away  │ (None, 600, 5)    │          0 │ -                 │
│ (InputLayer)        │                   │            │                   │
├─────────────────────┼───────────────────┼────────────┼───────────────────┤
│ played_seconds_away │ (None, 600, 5)    │          0 │ -                 │
│ (InputLayer)        │                   │            │                   │
├─────────────────────┼───────────────────┼────────────┼───────────────────┤
│ court_fouls_away    │ (None, 600, 5)    │          0 │ -                 │
│ (InputLayer)        │                   │            │                   │
├─────────────────────┼───────────────────┼────────────┼───────────────────┤
│ unstack_1 (Unstack) │ [(None, 600, 5),  │          0 │ prior_away[0][0]  │
│                     │ (None, 600, 5),   │            │                   │
│                     │ (None, 600, 5),   │            │                   │
│                     │ (None, 600, 5),   │            │                   │
│                     │ (None, 600, 5),   │            │                   │
│                     │ (None, 600, 5),   │            │                   │
│                     │ (None, 600, 5),   │            │                   │
│                     │ (None, 600, 5),   │            │                   │
│                     │ (None, 600, 5),   │            │                   │
│                     │ (None, 600, 5),   │            │                   │
│                     │ (None, 600, 5),   │            │                   │
│                     │ (None, 600, 5),   │            │                   │
│                     │ (None, 600, 5),   │            │                   │
│                     │ (None, 600, 5),   │            │                   │
│                     │ (None, 600, 5),   │            │                   │
│                     │ (None, 600, 5),   │            │                   │
│                     │ (None, 600, 5)]   │            │                   │
├─────────────────────┼───────────────────┼────────────┼───────────────────┤
│ time_abs            │ (None, 600, 1)    │          0 │ -                 │
│ (InputLayer)        │                   │            │                   │
├─────────────────────┼───────────────────┼────────────┼───────────────────┤
│ delta_time          │ (None, 600, 1)    │          0 │ -                 │
│ (InputLayer)        │                   │            │                   │
├─────────────────────┼───────────────────┼────────────┼───────────────────┤
│ home_games_played   │ (None, 600, 1)    │          0 │ -                 │
│ (InputLayer)        │                   │            │                   │
├─────────────────────┼───────────────────┼────────────┼───────────────────┤
│ away_games_played   │ (None, 600, 1)    │          0 │ -                 │
│ (InputLayer)        │                   │            │                   │
├─────────────────────┼───────────────────┼────────────┼───────────────────┤
│ home_days_rest      │ (None, 600, 1)    │          0 │ -                 │
│ (InputLayer)        │                   │            │                   │
├─────────────────────┼───────────────────┼────────────┼───────────────────┤
│ away_days_rest      │ (None, 600, 1)    │          0 │ -                 │
│ (InputLayer)        │                   │            │                   │
├─────────────────────┼───────────────────┼────────────┼───────────────────┤
│ score_diff          │ (None, 600, 1)    │          0 │ -                 │
│ (InputLayer)        │                   │            │                   │
├─────────────────────┼───────────────────┼────────────┼───────────────────┤
│ score_total         │ (None, 600, 1)    │          0 │ -                 │
│ (InputLayer)        │                   │            │                   │
├─────────────────────┼───────────────────┼────────────┼───────────────────┤
│ period_idx          │ (None, 600, 1)    │          0 │ -                 │
│ (InputLayer)        │                   │            │                   │
├─────────────────────┼───────────────────┼────────────┼───────────────────┤
│ period_time_left    │ (None, 600, 1)    │          0 │ -                 │
│ (InputLayer)        │                   │            │                   │
├─────────────────────┼───────────────────┼────────────┼───────────────────┤
│ team_fouls_home     │ (None, 600, 1)    │          0 │ -                 │
│ (InputLayer)        │                   │            │                   │
├─────────────────────┼───────────────────┼────────────┼───────────────────┤
│ team_fouls_away     │ (None, 600, 1)    │          0 │ -                 │
│ (InputLayer)        │                   │            │                   │
├─────────────────────┼───────────────────┼────────────┼───────────────────┤
│ poss_clock          │ (None, 600, 1)    │          0 │ -                 │
│ (InputLayer)        │                   │            │                   │
├─────────────────────┼───────────────────┼────────────┼───────────────────┤
│ running_pace        │ (None, 600, 1)    │          0 │ -                 │
│ (InputLayer)        │                   │            │                   │
├─────────────────────┼───────────────────┼────────────┼───────────────────┤
│ home_prior_net_rat… │ (None, 600, 1)    │          0 │ -                 │
│ (InputLayer)        │                   │            │                   │
├─────────────────────┼───────────────────┼────────────┼───────────────────┤
│ home_prior_pace     │ (None, 600, 1)    │          0 │ -                 │
│ (InputLayer)        │                   │            │                   │
├─────────────────────┼───────────────────┼────────────┼───────────────────┤
│ home_prior_off_rat… │ (None, 600, 1)    │          0 │ -                 │
│ (InputLayer)        │                   │            │                   │
├─────────────────────┼───────────────────┼────────────┼───────────────────┤
│ home_prior_def_rat… │ (None, 600, 1)    │          0 │ -                 │
│ (InputLayer)        │                   │            │                   │
├─────────────────────┼───────────────────┼────────────┼───────────────────┤
│ away_prior_net_rat… │ (None, 600, 1)    │          0 │ -                 │
│ (InputLayer)        │                   │            │                   │
├─────────────────────┼───────────────────┼────────────┼───────────────────┤
│ away_prior_pace     │ (None, 600, 1)    │          0 │ -                 │
│ (InputLayer)        │                   │            │                   │
├─────────────────────┼───────────────────┼────────────┼───────────────────┤
│ away_prior_off_rat… │ (None, 600, 1)    │          0 │ -                 │
│ (InputLayer)        │                   │            │                   │
├─────────────────────┼───────────────────┼────────────┼───────────────────┤
│ away_prior_def_rat… │ (None, 600, 1)    │          0 │ -                 │
│ (InputLayer)        │                   │            │                   │
├─────────────────────┼───────────────────┼────────────┼───────────────────┤
│ regime (InputLayer) │ (None, 600, 4)    │          0 │ -                 │
├─────────────────────┼───────────────────┼────────────┼───────────────────┤
│ emb_event           │ (None, 600, 32)   │        416 │ event[0][0]       │
│ (Embedding)         │                   │            │                   │
├─────────────────────┼───────────────────┼────────────┼───────────────────┤
│ emb_player          │ (None, 600, 192)  │    197,952 │ player[0][0],     │
│ (Embedding)         │                   │            │ secondary_player… │
├─────────────────────┼───────────────────┼────────────┼───────────────────┤
│ emb_type            │ (None, 600, 32)   │      1,344 │ type[0][0]        │
│ (Embedding)         │                   │            │                   │
├─────────────────────┼───────────────────┼────────────┼───────────────────┤
│ emb_result          │ (None, 600, 16)   │        288 │ result[0][0]      │
│ (Embedding)         │                   │            │                   │
├─────────────────────┼───────────────────┼────────────┼───────────────────┤
│ emb_season          │ (None, 600, 16)   │        240 │ season[0][0]      │
│ (Embedding)         │                   │            │                   │
├─────────────────────┼───────────────────┼────────────┼───────────────────┤
│ roster_vec          │ [(None, 600,      │    863,488 │ home_roster[0][0… │
│ (CrossSequenceRost… │ 128), (None, 600, │            │ rest_home[0][0],  │
│                     │ 128)]             │            │ stint_seconds_ho… │
│                     │                   │            │ played_seconds_h… │
│                     │                   │            │ court_fouls_home… │
│                     │                   │            │ unstack[0][0],    │
│                     │                   │            │ unstack[0][1],    │
│                     │                   │            │ unstack[0][2],    │
│                     │                   │            │ unstack[0][3],    │
│                     │                   │            │ unstack[0][4],    │
│                     │                   │            │ unstack[0][5],    │
│                     │                   │            │ unstack[0][6],    │
│                     │                   │            │ unstack[0][7],    │
│                     │                   │            │ unstack[0][8],    │
│                     │                   │            │ unstack[0][9],    │
│                     │                   │            │ unstack[0][10],   │
│                     │                   │            │ unstack[0][11],   │
│                     │                   │            │ unstack[0][12],   │
│                     │                   │            │ unstack[0][13],   │
│                     │                   │            │ unstack[0][14],   │
│                     │                   │            │ unstack[0][15],   │
│                     │                   │            │ unstack[0][16],   │
│                     │                   │            │ away_roster[0][0… │
│                     │                   │            │ rest_away[0][0],  │
│                     │                   │            │ stint_seconds_aw… │
│                     │                   │            │ played_seconds_a… │
│                     │                   │            │ court_fouls_away… │
│                     │                   │            │ unstack_1[0][0],  │
│                     │                   │            │ unstack_1[0][1],  │
│                     │                   │            │ unstack_1[0][2],  │
│                     │                   │            │ unstack_1[0][3],  │
│                     │                   │            │ unstack_1[0][4],  │
│                     │                   │            │ unstack_1[0][5],  │
│                     │                   │            │ unstack_1[0][6],  │
│                     │                   │            │ unstack_1[0][7],  │
│                     │                   │            │ unstack_1[0][8],  │
│                     │                   │            │ unstack_1[0][9],  │
│                     │                   │            │ unstack_1[0][10], │
│                     │                   │            │ unstack_1[0][11], │
│                     │                   │            │ unstack_1[0][12], │
│                     │                   │            │ unstack_1[0][13], │
│                     │                   │            │ unstack_1[0][14], │
│                     │                   │            │ unstack_1[0][15], │
│                     │                   │            │ unstack_1[0][16]  │
├─────────────────────┼───────────────────┼────────────┼───────────────────┤
│ time_abs_proj       │ (None, 600, 16)   │         32 │ time_abs[0][0]    │
│ (Dense)             │                   │            │                   │
├─────────────────────┼───────────────────┼────────────┼───────────────────┤
│ delta_time_proj     │ (None, 600, 16)   │         32 │ delta_time[0][0]  │
│ (Dense)             │                   │            │                   │
├─────────────────────┼───────────────────┼────────────┼───────────────────┤
│ home_games_played_… │ (None, 600, 16)   │         32 │ home_games_playe… │
│ (Dense)             │                   │            │                   │
├─────────────────────┼───────────────────┼────────────┼───────────────────┤
│ away_games_played_… │ (None, 600, 16)   │         32 │ away_games_playe… │
│ (Dense)             │                   │            │                   │
├─────────────────────┼───────────────────┼────────────┼───────────────────┤
│ home_days_rest_proj │ (None, 600, 16)   │         32 │ home_days_rest[0… │
│ (Dense)             │                   │            │                   │
├─────────────────────┼───────────────────┼────────────┼───────────────────┤
│ away_days_rest_proj │ (None, 600, 16)   │         32 │ away_days_rest[0… │
│ (Dense)             │                   │            │                   │
├─────────────────────┼───────────────────┼────────────┼───────────────────┤
│ score_diff_proj     │ (None, 600, 16)   │         32 │ score_diff[0][0]  │
│ (Dense)             │                   │            │                   │
├─────────────────────┼───────────────────┼────────────┼───────────────────┤
│ score_total_proj    │ (None, 600, 16)   │         32 │ score_total[0][0] │
│ (Dense)             │                   │            │                   │
├─────────────────────┼───────────────────┼────────────┼───────────────────┤
│ period_idx_proj     │ (None, 600, 16)   │         32 │ period_idx[0][0]  │
│ (Dense)             │                   │            │                   │
├─────────────────────┼───────────────────┼────────────┼───────────────────┤
│ period_time_left_p… │ (None, 600, 16)   │         32 │ period_time_left… │
│ (Dense)             │                   │            │                   │
├─────────────────────┼───────────────────┼────────────┼───────────────────┤
│ team_fouls_home_pr… │ (None, 600, 16)   │         32 │ team_fouls_home[… │
│ (Dense)             │                   │            │                   │
├─────────────────────┼───────────────────┼────────────┼───────────────────┤
│ team_fouls_away_pr… │ (None, 600, 16)   │         32 │ team_fouls_away[… │
│ (Dense)             │                   │            │                   │
├─────────────────────┼───────────────────┼────────────┼───────────────────┤
│ poss_clock_proj     │ (None, 600, 16)   │         32 │ poss_clock[0][0]  │
│ (Dense)             │                   │            │                   │
├─────────────────────┼───────────────────┼────────────┼───────────────────┤
│ running_pace_proj   │ (None, 600, 16)   │         32 │ running_pace[0][… │
│ (Dense)             │                   │            │                   │
├─────────────────────┼───────────────────┼────────────┼───────────────────┤
│ home_prior_net_rat… │ (None, 600, 16)   │         32 │ home_prior_net_r… │
│ (Dense)             │                   │            │                   │
├─────────────────────┼───────────────────┼────────────┼───────────────────┤
│ home_prior_pace_pr… │ (None, 600, 16)   │         32 │ home_prior_pace[… │
│ (Dense)             │                   │            │                   │
├─────────────────────┼───────────────────┼────────────┼───────────────────┤
│ home_prior_off_rat… │ (None, 600, 16)   │         32 │ home_prior_off_r… │
│ (Dense)             │                   │            │                   │
├─────────────────────┼───────────────────┼────────────┼───────────────────┤
│ home_prior_def_rat… │ (None, 600, 16)   │         32 │ home_prior_def_r… │
│ (Dense)             │                   │            │                   │
├─────────────────────┼───────────────────┼────────────┼───────────────────┤
│ away_prior_net_rat… │ (None, 600, 16)   │         32 │ away_prior_net_r… │
│ (Dense)             │                   │            │                   │
├─────────────────────┼───────────────────┼────────────┼───────────────────┤
│ away_prior_pace_pr… │ (None, 600, 16)   │         32 │ away_prior_pace[… │
│ (Dense)             │                   │            │                   │
├─────────────────────┼───────────────────┼────────────┼───────────────────┤
│ away_prior_off_rat… │ (None, 600, 16)   │         32 │ away_prior_off_r… │
│ (Dense)             │                   │            │                   │
├─────────────────────┼───────────────────┼────────────┼───────────────────┤
│ away_prior_def_rat… │ (None, 600, 16)   │         32 │ away_prior_def_r… │
│ (Dense)             │                   │            │                   │
├─────────────────────┼───────────────────┼────────────┼───────────────────┤
│ regime_proj (Dense) │ (None, 600, 16)   │         80 │ regime[0][0]      │
├─────────────────────┼───────────────────┼────────────┼───────────────────┤
│ fusion_concat       │ (None, 600, 1104) │          0 │ emb_event[0][0],  │
│ (Concatenate)       │                   │            │ emb_player[0][0], │
│                     │                   │            │ emb_type[0][0],   │
│                     │                   │            │ emb_result[0][0], │
│                     │                   │            │ emb_season[0][0], │
│                     │                   │            │ emb_player[1][0], │
│                     │                   │            │ roster_vec[0][0], │
│                     │                   │            │ roster_vec[0][1], │
│                     │                   │            │ time_abs_proj[0]… │
│                     │                   │            │ delta_time_proj[… │
│                     │                   │            │ home_games_playe… │
│                     │                   │            │ away_games_playe… │
│                     │                   │            │ home_days_rest_p… │
│                     │                   │            │ away_days_rest_p… │
│                     │                   │            │ score_diff_proj[… │
│                     │                   │            │ score_total_proj… │
│                     │                   │            │ period_idx_proj[… │
│                     │                   │            │ period_time_left… │
│                     │                   │            │ team_fouls_home_… │
│                     │                   │            │ team_fouls_away_… │
│                     │                   │            │ poss_clock_proj[… │
│                     │                   │            │ running_pace_pro… │
│                     │                   │            │ home_prior_net_r… │
│                     │                   │            │ home_prior_pace_… │
│                     │                   │            │ home_prior_off_r… │
│                     │                   │            │ home_prior_def_r… │
│                     │                   │            │ away_prior_net_r… │
│                     │                   │            │ away_prior_pace_… │
│                     │                   │            │ away_prior_off_r… │
│                     │                   │            │ away_prior_def_r… │
│                     │                   │            │ regime_proj[0][0] │
├─────────────────────┼───────────────────┼────────────┼───────────────────┤
│ fusion_projection   │ (None, 600, 384)  │    424,320 │ fusion_concat[0]… │
│ (Dense)             │                   │            │                   │
├─────────────────────┼───────────────────┼────────────┼───────────────────┤
│ fusion_ln           │ (None, 600, 384)  │        768 │ fusion_projectio… │
│ (LayerNormalizatio… │                   │            │                   │
├─────────────────────┼───────────────────┼────────────┼───────────────────┤
│ positional_embeddi… │ (None, 600, 384)  │    230,400 │ fusion_ln[0][0]   │
│ (AddPositionalEmbe… │                   │            │                   │
├─────────────────────┼───────────────────┼────────────┼───────────────────┤
│ film_concat         │ (None, 600, 160)  │          0 │ emb_season[0][0], │
│ (Concatenate)       │                   │            │ home_prior_net_r… │
│                     │                   │            │ home_prior_pace_… │
│                     │                   │            │ home_prior_off_r… │
│                     │                   │            │ home_prior_def_r… │
│                     │                   │            │ away_prior_net_r… │
│                     │                   │            │ away_prior_pace_… │
│                     │                   │            │ away_prior_off_r… │
│                     │                   │            │ away_prior_def_r… │
│                     │                   │            │ regime_proj[0][0] │
├─────────────────────┼───────────────────┼────────────┼───────────────────┤
│ emb_dropout         │ (None, 600, 384)  │          0 │ positional_embed… │
│ (Dropout)           │                   │            │                   │
├─────────────────────┼───────────────────┼────────────┼───────────────────┤
│ film_ctx (Dense)    │ (None, 600, 64)   │     10,304 │ film_concat[0][0] │
├─────────────────────┼───────────────────┼────────────┼───────────────────┤
│ block0_ln1          │ (None, 600, 384)  │        768 │ emb_dropout[0][0] │
│ (LayerNormalizatio… │                   │            │                   │
├─────────────────────┼───────────────────┼────────────┼───────────────────┤
│ block0_film1_scale  │ (None, 600, 384)  │     24,960 │ film_ctx[0][0]    │
│ (Dense)             │                   │            │                   │
├─────────────────────┼───────────────────┼────────────┼───────────────────┤
│ block0_film1_mul    │ (None, 600, 384)  │          0 │ block0_ln1[0][0], │
│ (Multiply)          │                   │            │ block0_film1_sca… │
├─────────────────────┼───────────────────┼────────────┼───────────────────┤
│ block0_film1_shift  │ (None, 600, 384)  │     24,960 │ film_ctx[0][0]    │
│ (Dense)             │                   │            │                   │
├─────────────────────┼───────────────────┼────────────┼───────────────────┤
│ pad_mask            │ (None, 600)       │          0 │ -                 │
│ (InputLayer)        │                   │            │                   │
├─────────────────────┼───────────────────┼────────────┼───────────────────┤
│ block0_film1 (Add)  │ (None, 600, 384)  │          0 │ block0_ln1[0][0], │
│                     │                   │            │ block0_film1_mul… │
│                     │                   │            │ block0_film1_shi… │
├─────────────────────┼───────────────────┼────────────┼───────────────────┤
│ attn_pad_mask       │ (None, 8, 600,    │          0 │ pad_mask[0][0]    │
│ (BandedAttentionMa… │ 600)              │            │                   │
├─────────────────────┼───────────────────┼────────────┼───────────────────┤
│ block0_mha          │ (None, 600, 384)  │    591,360 │ block0_film1[0][… │
│ (MultiHeadAttentio… │                   │            │ block0_film1[0][… │
│                     │                   │            │ attn_pad_mask[0]… │
├─────────────────────┼───────────────────┼────────────┼───────────────────┤
│ block0_res1 (Add)   │ (None, 600, 384)  │          0 │ emb_dropout[0][0… │
│                     │                   │            │ block0_mha[0][0]  │
├─────────────────────┼───────────────────┼────────────┼───────────────────┤
│ block0_ln2          │ (None, 600, 384)  │        768 │ block0_res1[0][0] │
│ (LayerNormalizatio… │                   │            │                   │
├─────────────────────┼───────────────────┼────────────┼───────────────────┤
│ block0_film2_scale  │ (None, 600, 384)  │     24,960 │ film_ctx[0][0]    │
│ (Dense)             │                   │            │                   │
├─────────────────────┼───────────────────┼────────────┼───────────────────┤
│ block0_film2_mul    │ (None, 600, 384)  │          0 │ block0_ln2[0][0], │
│ (Multiply)          │                   │            │ block0_film2_sca… │
├─────────────────────┼───────────────────┼────────────┼───────────────────┤
│ block0_film2_shift  │ (None, 600, 384)  │     24,960 │ film_ctx[0][0]    │
│ (Dense)             │                   │            │                   │
├─────────────────────┼───────────────────┼────────────┼───────────────────┤
│ block0_film2 (Add)  │ (None, 600, 384)  │          0 │ block0_ln2[0][0], │
│                     │                   │            │ block0_film2_mul… │
│                     │                   │            │ block0_film2_shi… │
├─────────────────────┼───────────────────┼────────────┼───────────────────┤
│ block0_ff1 (Dense)  │ (None, 600, 1536) │    591,360 │ block0_film2[0][… │
├─────────────────────┼───────────────────┼────────────┼───────────────────┤
│ block0_ffdrop       │ (None, 600, 1536) │          0 │ block0_ff1[0][0]  │
│ (Dropout)           │                   │            │                   │
├─────────────────────┼───────────────────┼────────────┼───────────────────┤
│ block0_ff2 (Dense)  │ (None, 600, 384)  │    590,208 │ block0_ffdrop[0]… │
├─────────────────────┼───────────────────┼────────────┼───────────────────┤
│ block0_res2 (Add)   │ (None, 600, 384)  │          0 │ block0_res1[0][0… │
│                     │                   │            │ block0_ff2[0][0]  │
├─────────────────────┼───────────────────┼────────────┼───────────────────┤
│ block1_ln1          │ (None, 600, 384)  │        768 │ block0_res2[0][0] │
│ (LayerNormalizatio… │                   │            │                   │
├─────────────────────┼───────────────────┼────────────┼───────────────────┤
│ block1_film1_scale  │ (None, 600, 384)  │     24,960 │ film_ctx[0][0]    │
│ (Dense)             │                   │            │                   │
├─────────────────────┼───────────────────┼────────────┼───────────────────┤
│ block1_film1_mul    │ (None, 600, 384)  │          0 │ block1_ln1[0][0], │
│ (Multiply)          │                   │            │ block1_film1_sca… │
├─────────────────────┼───────────────────┼────────────┼───────────────────┤
│ block1_film1_shift  │ (None, 600, 384)  │     24,960 │ film_ctx[0][0]    │
│ (Dense)             │                   │            │                   │
├─────────────────────┼───────────────────┼────────────┼───────────────────┤
│ block1_film1 (Add)  │ (None, 600, 384)  │          0 │ block1_ln1[0][0], │
│                     │                   │            │ block1_film1_mul… │
│                     │                   │            │ block1_film1_shi… │
├─────────────────────┼───────────────────┼────────────┼───────────────────┤
│ block1_mha          │ (None, 600, 384)  │    591,360 │ block1_film1[0][… │
│ (MultiHeadAttentio… │                   │            │ block1_film1[0][… │
│                     │                   │            │ attn_pad_mask[0]… │
├─────────────────────┼───────────────────┼────────────┼───────────────────┤
│ block1_res1 (Add)   │ (None, 600, 384)  │          0 │ block0_res2[0][0… │
│                     │                   │            │ block1_mha[0][0]  │
├─────────────────────┼───────────────────┼────────────┼───────────────────┤
│ block1_ln2          │ (None, 600, 384)  │        768 │ block1_res1[0][0] │
│ (LayerNormalizatio… │                   │            │                   │
├─────────────────────┼───────────────────┼────────────┼───────────────────┤
│ block1_film2_scale  │ (None, 600, 384)  │     24,960 │ film_ctx[0][0]    │
│ (Dense)             │                   │            │                   │
├─────────────────────┼───────────────────┼────────────┼───────────────────┤
│ block1_film2_mul    │ (None, 600, 384)  │          0 │ block1_ln2[0][0], │
│ (Multiply)          │                   │            │ block1_film2_sca… │
├─────────────────────┼───────────────────┼────────────┼───────────────────┤
│ block1_film2_shift  │ (None, 600, 384)  │     24,960 │ film_ctx[0][0]    │
│ (Dense)             │                   │            │                   │
├─────────────────────┼───────────────────┼────────────┼───────────────────┤
│ block1_film2 (Add)  │ (None, 600, 384)  │          0 │ block1_ln2[0][0], │
│                     │                   │            │ block1_film2_mul… │
│                     │                   │            │ block1_film2_shi… │
├─────────────────────┼───────────────────┼────────────┼───────────────────┤
│ block1_ff1 (Dense)  │ (None, 600, 1536) │    591,360 │ block1_film2[0][… │
├─────────────────────┼───────────────────┼────────────┼───────────────────┤
│ block1_ffdrop       │ (None, 600, 1536) │          0 │ block1_ff1[0][0]  │
│ (Dropout)           │                   │            │                   │
├─────────────────────┼───────────────────┼────────────┼───────────────────┤
│ block1_ff2 (Dense)  │ (None, 600, 384)  │    590,208 │ block1_ffdrop[0]… │
├─────────────────────┼───────────────────┼────────────┼───────────────────┤
│ block1_res2 (Add)   │ (None, 600, 384)  │          0 │ block1_res1[0][0… │
│                     │                   │            │ block1_ff2[0][0]  │
├─────────────────────┼───────────────────┼────────────┼───────────────────┤
│ block2_ln1          │ (None, 600, 384)  │        768 │ block1_res2[0][0] │
│ (LayerNormalizatio… │                   │            │                   │
├─────────────────────┼───────────────────┼────────────┼───────────────────┤
│ block2_film1_scale  │ (None, 600, 384)  │     24,960 │ film_ctx[0][0]    │
│ (Dense)             │                   │            │                   │
├─────────────────────┼───────────────────┼────────────┼───────────────────┤
│ block2_film1_mul    │ (None, 600, 384)  │          0 │ block2_ln1[0][0], │
│ (Multiply)          │                   │            │ block2_film1_sca… │
├─────────────────────┼───────────────────┼────────────┼───────────────────┤
│ block2_film1_shift  │ (None, 600, 384)  │     24,960 │ film_ctx[0][0]    │
│ (Dense)             │                   │            │                   │
├─────────────────────┼───────────────────┼────────────┼───────────────────┤
│ block2_film1 (Add)  │ (None, 600, 384)  │          0 │ block2_ln1[0][0], │
│                     │                   │            │ block2_film1_mul… │
│                     │                   │            │ block2_film1_shi… │
├─────────────────────┼───────────────────┼────────────┼───────────────────┤
│ block2_mha          │ (None, 600, 384)  │    591,360 │ block2_film1[0][… │
│ (MultiHeadAttentio… │                   │            │ block2_film1[0][… │
│                     │                   │            │ attn_pad_mask[0]… │
├─────────────────────┼───────────────────┼────────────┼───────────────────┤
│ block2_res1 (Add)   │ (None, 600, 384)  │          0 │ block1_res2[0][0… │
│                     │                   │            │ block2_mha[0][0]  │
├─────────────────────┼───────────────────┼────────────┼───────────────────┤
│ block2_ln2          │ (None, 600, 384)  │        768 │ block2_res1[0][0] │
│ (LayerNormalizatio… │                   │            │                   │
├─────────────────────┼───────────────────┼────────────┼───────────────────┤
│ block2_film2_scale  │ (None, 600, 384)  │     24,960 │ film_ctx[0][0]    │
│ (Dense)             │                   │            │                   │
├─────────────────────┼───────────────────┼────────────┼───────────────────┤
│ block2_film2_mul    │ (None, 600, 384)  │          0 │ block2_ln2[0][0], │
│ (Multiply)          │                   │            │ block2_film2_sca… │
├─────────────────────┼───────────────────┼────────────┼───────────────────┤
│ block2_film2_shift  │ (None, 600, 384)  │     24,960 │ film_ctx[0][0]    │
│ (Dense)             │                   │            │                   │
├─────────────────────┼───────────────────┼────────────┼───────────────────┤
│ block2_film2 (Add)  │ (None, 600, 384)  │          0 │ block2_ln2[0][0], │
│                     │                   │            │ block2_film2_mul… │
│                     │                   │            │ block2_film2_shi… │
├─────────────────────┼───────────────────┼────────────┼───────────────────┤
│ block2_ff1 (Dense)  │ (None, 600, 1536) │    591,360 │ block2_film2[0][… │
├─────────────────────┼───────────────────┼────────────┼───────────────────┤
│ block2_ffdrop       │ (None, 600, 1536) │          0 │ block2_ff1[0][0]  │
│ (Dropout)           │                   │            │                   │
├─────────────────────┼───────────────────┼────────────┼───────────────────┤
│ block2_ff2 (Dense)  │ (None, 600, 384)  │    590,208 │ block2_ffdrop[0]… │
├─────────────────────┼───────────────────┼────────────┼───────────────────┤
│ block2_res2 (Add)   │ (None, 600, 384)  │          0 │ block2_res1[0][0… │
│                     │                   │            │ block2_ff2[0][0]  │
├─────────────────────┼───────────────────┼────────────┼───────────────────┤
│ block3_ln1          │ (None, 600, 384)  │        768 │ block2_res2[0][0] │
│ (LayerNormalizatio… │                   │            │                   │
├─────────────────────┼───────────────────┼────────────┼───────────────────┤
│ block3_film1_scale  │ (None, 600, 384)  │     24,960 │ film_ctx[0][0]    │
│ (Dense)             │                   │            │                   │
├─────────────────────┼───────────────────┼────────────┼───────────────────┤
│ block3_film1_mul    │ (None, 600, 384)  │          0 │ block3_ln1[0][0], │
│ (Multiply)          │                   │            │ block3_film1_sca… │
├─────────────────────┼───────────────────┼────────────┼───────────────────┤
│ block3_film1_shift  │ (None, 600, 384)  │     24,960 │ film_ctx[0][0]    │
│ (Dense)             │                   │            │                   │
├─────────────────────┼───────────────────┼────────────┼───────────────────┤
│ block3_film1 (Add)  │ (None, 600, 384)  │          0 │ block3_ln1[0][0], │
│                     │                   │            │ block3_film1_mul… │
│                     │                   │            │ block3_film1_shi… │
├─────────────────────┼───────────────────┼────────────┼───────────────────┤
│ block3_mha          │ (None, 600, 384)  │    591,360 │ block3_film1[0][… │
│ (MultiHeadAttentio… │                   │            │ block3_film1[0][… │
│                     │                   │            │ attn_pad_mask[0]… │
├─────────────────────┼───────────────────┼────────────┼───────────────────┤
│ block3_res1 (Add)   │ (None, 600, 384)  │          0 │ block2_res2[0][0… │
│                     │                   │            │ block3_mha[0][0]  │
├─────────────────────┼───────────────────┼────────────┼───────────────────┤
│ block3_ln2          │ (None, 600, 384)  │        768 │ block3_res1[0][0] │
│ (LayerNormalizatio… │                   │            │                   │
├─────────────────────┼───────────────────┼────────────┼───────────────────┤
│ block3_film2_scale  │ (None, 600, 384)  │     24,960 │ film_ctx[0][0]    │
│ (Dense)             │                   │            │                   │
├─────────────────────┼───────────────────┼────────────┼───────────────────┤
│ block3_film2_mul    │ (None, 600, 384)  │          0 │ block3_ln2[0][0], │
│ (Multiply)          │                   │            │ block3_film2_sca… │
├─────────────────────┼───────────────────┼────────────┼───────────────────┤
│ block3_film2_shift  │ (None, 600, 384)  │     24,960 │ film_ctx[0][0]    │
│ (Dense)             │                   │            │                   │
├─────────────────────┼───────────────────┼────────────┼───────────────────┤
│ block3_film2 (Add)  │ (None, 600, 384)  │          0 │ block3_ln2[0][0], │
│                     │                   │            │ block3_film2_mul… │
│                     │                   │            │ block3_film2_shi… │
├─────────────────────┼───────────────────┼────────────┼───────────────────┤
│ block3_ff1 (Dense)  │ (None, 600, 1536) │    591,360 │ block3_film2[0][… │
├─────────────────────┼───────────────────┼────────────┼───────────────────┤
│ block3_ffdrop       │ (None, 600, 1536) │          0 │ block3_ff1[0][0]  │
│ (Dropout)           │                   │            │                   │
├─────────────────────┼───────────────────┼────────────┼───────────────────┤
│ block3_ff2 (Dense)  │ (None, 600, 384)  │    590,208 │ block3_ffdrop[0]… │
├─────────────────────┼───────────────────┼────────────┼───────────────────┤
│ block3_res2 (Add)   │ (None, 600, 384)  │          0 │ block3_res1[0][0… │
│                     │                   │            │ block3_ff2[0][0]  │
├─────────────────────┼───────────────────┼────────────┼───────────────────┤
│ block4_ln1          │ (None, 600, 384)  │        768 │ block3_res2[0][0] │
│ (LayerNormalizatio… │                   │            │                   │
├─────────────────────┼───────────────────┼────────────┼───────────────────┤
│ block4_film1_scale  │ (None, 600, 384)  │     24,960 │ film_ctx[0][0]    │
│ (Dense)             │                   │            │                   │
├─────────────────────┼───────────────────┼────────────┼───────────────────┤
│ block4_film1_mul    │ (None, 600, 384)  │          0 │ block4_ln1[0][0], │
│ (Multiply)          │                   │            │ block4_film1_sca… │
├─────────────────────┼───────────────────┼────────────┼───────────────────┤
│ block4_film1_shift  │ (None, 600, 384)  │     24,960 │ film_ctx[0][0]    │
│ (Dense)             │                   │            │                   │
├─────────────────────┼───────────────────┼────────────┼───────────────────┤
│ block4_film1 (Add)  │ (None, 600, 384)  │          0 │ block4_ln1[0][0], │
│                     │                   │            │ block4_film1_mul… │
│                     │                   │            │ block4_film1_shi… │
├─────────────────────┼───────────────────┼────────────┼───────────────────┤
│ block4_mha          │ (None, 600, 384)  │    591,360 │ block4_film1[0][… │
│ (MultiHeadAttentio… │                   │            │ block4_film1[0][… │
│                     │                   │            │ attn_pad_mask[0]… │
├─────────────────────┼───────────────────┼────────────┼───────────────────┤
│ block4_res1 (Add)   │ (None, 600, 384)  │          0 │ block3_res2[0][0… │
│                     │                   │            │ block4_mha[0][0]  │
├─────────────────────┼───────────────────┼────────────┼───────────────────┤
│ block4_ln2          │ (None, 600, 384)  │        768 │ block4_res1[0][0] │
│ (LayerNormalizatio… │                   │            │                   │
├─────────────────────┼───────────────────┼────────────┼───────────────────┤
│ block4_film2_scale  │ (None, 600, 384)  │     24,960 │ film_ctx[0][0]    │
│ (Dense)             │                   │            │                   │
├─────────────────────┼───────────────────┼────────────┼───────────────────┤
│ block4_film2_mul    │ (None, 600, 384)  │          0 │ block4_ln2[0][0], │
│ (Multiply)          │                   │            │ block4_film2_sca… │
├─────────────────────┼───────────────────┼────────────┼───────────────────┤
│ block4_film2_shift  │ (None, 600, 384)  │     24,960 │ film_ctx[0][0]    │
│ (Dense)             │                   │            │                   │
├─────────────────────┼───────────────────┼────────────┼───────────────────┤
│ block4_film2 (Add)  │ (None, 600, 384)  │          0 │ block4_ln2[0][0], │
│                     │                   │            │ block4_film2_mul… │
│                     │                   │            │ block4_film2_shi… │
├─────────────────────┼───────────────────┼────────────┼───────────────────┤
│ block4_ff1 (Dense)  │ (None, 600, 1536) │    591,360 │ block4_film2[0][… │
├─────────────────────┼───────────────────┼────────────┼───────────────────┤
│ block4_ffdrop       │ (None, 600, 1536) │          0 │ block4_ff1[0][0]  │
│ (Dropout)           │                   │            │                   │
├─────────────────────┼───────────────────┼────────────┼───────────────────┤
│ block4_ff2 (Dense)  │ (None, 600, 384)  │    590,208 │ block4_ffdrop[0]… │
├─────────────────────┼───────────────────┼────────────┼───────────────────┤
│ block4_res2 (Add)   │ (None, 600, 384)  │          0 │ block4_res1[0][0… │
│                     │                   │            │ block4_ff2[0][0]  │
├─────────────────────┼───────────────────┼────────────┼───────────────────┤
│ block5_ln1          │ (None, 600, 384)  │        768 │ block4_res2[0][0] │
│ (LayerNormalizatio… │                   │            │                   │
├─────────────────────┼───────────────────┼────────────┼───────────────────┤
│ block5_film1_scale  │ (None, 600, 384)  │     24,960 │ film_ctx[0][0]    │
│ (Dense)             │                   │            │                   │
├─────────────────────┼───────────────────┼────────────┼───────────────────┤
│ block5_film1_mul    │ (None, 600, 384)  │          0 │ block5_ln1[0][0], │
│ (Multiply)          │                   │            │ block5_film1_sca… │
├─────────────────────┼───────────────────┼────────────┼───────────────────┤
│ block5_film1_shift  │ (None, 600, 384)  │     24,960 │ film_ctx[0][0]    │
│ (Dense)             │                   │            │                   │
├─────────────────────┼───────────────────┼────────────┼───────────────────┤
│ block5_film1 (Add)  │ (None, 600, 384)  │          0 │ block5_ln1[0][0], │
│                     │                   │            │ block5_film1_mul… │
│                     │                   │            │ block5_film1_shi… │
├─────────────────────┼───────────────────┼────────────┼───────────────────┤
│ block5_mha          │ (None, 600, 384)  │    591,360 │ block5_film1[0][… │
│ (MultiHeadAttentio… │                   │            │ block5_film1[0][… │
│                     │                   │            │ attn_pad_mask[0]… │
├─────────────────────┼───────────────────┼────────────┼───────────────────┤
│ block5_res1 (Add)   │ (None, 600, 384)  │          0 │ block4_res2[0][0… │
│                     │                   │            │ block5_mha[0][0]  │
├─────────────────────┼───────────────────┼────────────┼───────────────────┤
│ block5_ln2          │ (None, 600, 384)  │        768 │ block5_res1[0][0] │
│ (LayerNormalizatio… │                   │            │                   │
├─────────────────────┼───────────────────┼────────────┼───────────────────┤
│ block5_film2_scale  │ (None, 600, 384)  │     24,960 │ film_ctx[0][0]    │
│ (Dense)             │                   │            │                   │
├─────────────────────┼───────────────────┼────────────┼───────────────────┤
│ block5_film2_mul    │ (None, 600, 384)  │          0 │ block5_ln2[0][0], │
│ (Multiply)          │                   │            │ block5_film2_sca… │
├─────────────────────┼───────────────────┼────────────┼───────────────────┤
│ block5_film2_shift  │ (None, 600, 384)  │     24,960 │ film_ctx[0][0]    │
│ (Dense)             │                   │            │                   │
├─────────────────────┼───────────────────┼────────────┼───────────────────┤
│ block5_film2 (Add)  │ (None, 600, 384)  │          0 │ block5_ln2[0][0], │
│                     │                   │            │ block5_film2_mul… │
│                     │                   │            │ block5_film2_shi… │
├─────────────────────┼───────────────────┼────────────┼───────────────────┤
│ block5_ff1 (Dense)  │ (None, 600, 1536) │    591,360 │ block5_film2[0][… │
├─────────────────────┼───────────────────┼────────────┼───────────────────┤
│ block5_ffdrop       │ (None, 600, 1536) │          0 │ block5_ff1[0][0]  │
│ (Dropout)           │                   │            │                   │
├─────────────────────┼───────────────────┼────────────┼───────────────────┤
│ block5_ff2 (Dense)  │ (None, 600, 384)  │    590,208 │ block5_ffdrop[0]… │
├─────────────────────┼───────────────────┼────────────┼───────────────────┤
│ block5_res2 (Add)   │ (None, 600, 384)  │          0 │ block5_res1[0][0… │
│                     │                   │            │ block5_ff2[0][0]  │
├─────────────────────┼───────────────────┼────────────┼───────────────────┤
│ final_ln            │ (None, 600, 384)  │        768 │ block5_res2[0][0] │
│ (LayerNormalizatio… │                   │            │                   │
├─────────────────────┼───────────────────┼────────────┼───────────────────┤
│ event_output        │ (None, 600, 13)   │      5,005 │ final_ln[0][0]    │
│ (Dense)             │                   │            │                   │
├─────────────────────┼───────────────────┼────────────┼───────────────────┤
│ time_output (Dense) │ (None, 600, 1)    │        385 │ final_ln[0][0]    │
└─────────────────────┴───────────────────┴────────────┴───────────────────┘
 Total params: 12,982,286 (49.52 MB)
 Trainable params: 12,982,286 (49.52 MB)
 Non-trainable params: 0 (0.00 B)
Epoch 1/50
[1m 1/67[0m [37m━━━━━━━━━━━━━━━━━━━━[0m [1m1:30:19[0m 82s/step - event_output_acc: 0.1791 - event_output_loss: 0.1911 - loss: 0.4762 - time_output_loss: 0.5668 - time_output_mae: 2.4865 - time_output_mae_sec: 17.4634[1m 2/67[0m [37m━━━━━━━━━━━━━━━━━━━━[0m [1m1:28[0m 1s/step - event_output_acc: 0.1782 - event_output_loss: 0.1904 - loss: 0.4761 - time_output_loss: 0.5679 - time_output_mae: 2.4975 - time_output_mae_sec: 17.5409    [1m 3/67[0m [37m━━━━━━━━━━━━━━━━━━━━[0m [1m1:28[0m 1s/step - event_output_acc: 0.1781 - event_output_loss: 0.1936 - loss: 0.4796 - time_output_loss: 0.5686 - time_output_mae: 2.4744 - time_output_mae_sec: 17.3788[1m 4/67[0m [32m━[0m[37m━━━━━━━━━━━━━━━━━━━[0m [1m1:26[0m 1s/step - event_output_acc: 0.1785 - event_output_loss: 0.1962 - loss: 0.4780 - time_output_loss: 0.5602 - time_output_mae: 2.4298 - time_output_mae_sec: 17.0656[1m 5/67[0m [32m━[0m[37m━━━━━━━━━━━━━━━━━━━[0m [1m1:25[0m 1s/step - event_output_acc: 0.1790 - event_output_loss: 0.1995 - loss: 0.4741 - time_output_loss: 0.5458 - time_output_mae: 2.3632 - time_output_mae_sec: 16.5973[1m 6/67[0m [32m━[0m[37m━━━━━━━━━━━━━━━━━━━[0m [1m1:24[0m 1s/step - event_output_acc: 0.1799 - event_output_loss: 0.2022 - loss: 0.4677 - time_output_loss: 0.5276 - time_output_mae: 2.2902 - time_output_mae_sec: 16.0848[1m 7/67[0m [32m━━[0m[37m━━━━━━━━━━━━━━━━━━[0m [1m1:23[0m 1s/step - event_output_acc: 0.1809 - event_output_loss: 0.2046 - loss: 0.4612 - time_output_loss: 0.5097 - time_output_mae: 2.2218 - time_output_mae_sec: 15.6044[1m 8/67[0m [32m━━[0m[37m━━━━━━━━━━━━━━━━━━[0m [1m1:21[0m 1s/step - event_output_acc: 0.1826 - event_output_loss: 0.2071 - loss: 0.4565 - time_output_loss: 0.4954 - time_output_mae: 2.1655 - time_output_mae_sec: 15.2093[1m 9/67[0m [32m━━[0m[37m━━━━━━━━━━━━━━━━━━[0m [1m1:20[0m 1s/step - event_output_acc: 0.1850 - event_output_loss: 0.2093 - loss: 0.4534 - time_output_loss: 0.4849 - time_output_mae: 2.1224 - time_output_mae_sec: 14.9062[1m10/67[0m [32m━━[0m[37m━━━━━━━━━━━━━━━━━━[0m [1m1:19[0m 1s/step - event_output_acc: 0.1879 - event_output_loss: 0.2111 - loss: 0.4515 - time_output_loss: 0.4775 - time_output_mae: 2.0894 - time_output_mae_sec: 14.6747[1m11/67[0m [32m━━━[0m[37m━━━━━━━━━━━━━━━━━[0m [1m1:17[0m 1s/step - event_output_acc: 0.1914 - event_output_loss: 0.2128 - loss: 0.4506 - time_output_loss: 0.4721 - time_output_mae: 2.0619 - time_output_mae_sec: 14.4816[1m12/67[0m [32m━━━[0m[37m━━━━━━━━━━━━━━━━━[0m [1m1:16[0m 1s/step - event_output_acc: 0.1951 - event_output_loss: 0.2144 - loss: 0.4496 - time_output_loss: 0.4670 - time_output_mae: 2.0357 - time_output_mae_sec: 14.2977[1m13/67[0m [32m━━━[0m[37m━━━━━━━━━━━━━━━━━[0m [1m1:14[0m 1s/step - event_output_acc: 0.1990 - event_output_loss: 0.2160 - loss: 0.4485 - time_output_loss: 0.4616 - time_output_mae: 2.0081 - time_output_mae_sec: 14.1038[1m14/67[0m [32m━━━━[0m[37m━━━━━━━━━━━━━━━━[0m [1m1:13[0m 1s/step - event_output_acc: 0.2030 - event_output_loss: 0.2175 - loss: 0.4473 - time_output_loss: 0.4561 - time_output_mae: 1.9801 - time_output_mae_sec: 13.9069[1m15/67[0m [32m━━━━[0m[37m━━━━━━━━━━━━━━━━[0m [1m1:12[0m 1s/step - event_output_acc: 0.2068 - event_output_loss: 0.2190 - loss: 0.4463 - time_output_loss: 0.4512 - time_output_mae: 1.9535 - time_output_mae_sec: 13.7204[1m16/67[0m [32m━━━━[0m[37m━━━━━━━━━━━━━━━━[0m [1m1:10[0m 1s/step - event_output_acc: 0.2105 - event_output_loss: 0.2204 - loss: 0.4456 - time_output_loss: 0.4470 - time_output_mae: 1.9289 - time_output_mae_sec: 13.5474[1m17/67[0m [32m━━━━━[0m[37m━━━━━━━━━━━━━━━[0m [1m1:09[0m 1s/step - event_output_acc: 0.2140 - event_output_loss: 0.2217 - loss: 0.4450 - time_output_loss: 0.4432 - time_output_mae: 1.9054 - time_output_mae_sec: 13.3821[1m18/67[0m [32m━━━━━[0m[37m━━━━━━━━━━━━━━━[0m [1m1:07[0m 1s/step - event_output_acc: 0.2171 - event_output_loss: 0.2229 - loss: 0.4443 - time_output_loss: 0.4393 - time_output_mae: 1.8820 - time_output_mae_sec: 13.2176[1m19/67[0m [32m━━━━━[0m[37m━━━━━━━━━━━━━━━[0m [1m1:06[0m 1s/step - event_output_acc: 0.2199 - event_output_loss: 0.2241 - loss: 0.4435 - time_output_loss: 0.4354 - time_output_mae: 1.8592 - time_output_mae_sec: 13.0578[1m20/67[0m [32m━━━━━[0m[37m━━━━━━━━━━━━━━━[0m [1m1:04[0m 1s/step - event_output_acc: 0.2225 - event_output_loss: 0.2254 - loss: 0.4431 - time_output_loss: 0.4318 - time_output_mae: 1.8376 - time_output_mae_sec: 12.9060[1m21/67[0m [32m━━━━━━[0m[37m━━━━━━━━━━━━━━[0m [1m1:03[0m 1s/step - event_output_acc: 0.2249 - event_output_loss: 0.2267 - loss: 0.4427 - time_output_loss: 0.4286 - time_output_mae: 1.8172 - time_output_mae_sec: 12.7630[1m22/67[0m [32m━━━━━━[0m[37m━━━━━━━━━━━━━━[0m [1m1:02[0m 1s/step - event_output_acc: 0.2272 - event_output_loss: 0.2280 - loss: 0.4424 - time_output_loss: 0.4254 - time_output_mae: 1.7976 - time_output_mae_sec: 12.6254[1m23/67[0m [32m━━━━━━[0m[37m━━━━━━━━━━━━━━[0m [1m1:00[0m 1s/step - event_output_acc: 0.2296 - event_output_loss: 0.2294 - loss: 0.4422 - time_output_loss: 0.4222 - time_output_mae: 1.7781 - time_output_mae_sec: 12.4882[1m24/67[0m [32m━━━━━━━[0m[37m━━━━━━━━━━━━━[0m [1m59s[0m 1s/step - event_output_acc: 0.2319 - event_output_loss: 0.2307 - loss: 0.4420 - time_output_loss: 0.4192 - time_output_mae: 1.7592 - time_output_mae_sec: 12.3555 [1m25/67[0m [32m━━━━━━━[0m[37m━━━━━━━━━━━━━[0m [1m57s[0m 1s/step - event_output_acc: 0.2344 - event_output_loss: 0.2320 - loss: 0.4419 - time_output_loss: 0.4163 - time_output_mae: 1.7408 - time_output_mae_sec: 12.2261[1m26/67[0m [32m━━━━━━━[0m[37m━━━━━━━━━━━━━[0m [1m56s[0m 1s/step - event_output_acc: 0.2368 - event_output_loss: 0.2335 - loss: 0.4420 - time_output_loss: 0.4137 - time_output_mae: 1.7227 - time_output_mae_sec: 12.0994[1m27/67[0m [32m━━━━━━━━[0m[37m━━━━━━━━━━━━[0m [1m54s[0m 1s/step - event_output_acc: 0.2392 - event_output_loss: 0.2350 - loss: 0.4422 - time_output_loss: 0.4111 - time_output_mae: 1.7050 - time_output_mae_sec: 11.9750[1m28/67[0m [32m━━━━━━━━[0m[37m━━━━━━━━━━━━[0m [1m53s[0m 1s/step - event_output_acc: 0.2416 - event_output_loss: 0.2365 - loss: 0.4425 - time_output_loss: 0.4086 - time_output_mae: 1.6881 - time_output_mae_sec: 11.8558[1m29/67[0m [32m━━━━━━━━[0m[37m━━━━━━━━━━━━[0m [1m51s[0m 1s/step - event_output_acc: 0.2440 - event_output_loss: 0.2380 - loss: 0.4429 - time_output_loss: 0.4062 - time_output_mae: 1.6718 - time_output_mae_sec: 11.7417[1m30/67[0m [32m━━━━━━━━[0m[37m━━━━━━━━━━━━[0m [1m50s[0m 1s/step - event_output_acc: 0.2464 - event_output_loss: 0.2396 - loss: 0.4433 - time_output_loss: 0.4040 - time_output_mae: 1.6559 - time_output_mae_sec: 11.6302[1m31/67[0m [32m━━━━━━━━━[0m[37m━━━━━━━━━━━[0m [1m49s[0m 1s/step - event_output_acc: 0.2487 - event_output_loss: 0.2413 - loss: 0.4439 - time_output_loss: 0.4018 - time_output_mae: 1.6405 - time_output_mae_sec: 11.5217[1m32/67[0m [32m━━━━━━━━━[0m[37m━━━━━━━━━━━[0m [1m47s[0m 1s/step - event_output_acc: 0.2510 - event_output_loss: 0.2429 - loss: 0.4445 - time_output_loss: 0.3998 - time_output_mae: 1.6255 - time_output_mae_sec: 11.4164[1m33/67[0m [32m━━━━━━━━━[0m[37m━━━━━━━━━━━[0m [1m46s[0m 1s/step - event_output_acc: 0.2532 - event_output_loss: 0.2445 - loss: 0.4451 - time_output_loss: 0.3978 - time_output_mae: 1.6109 - time_output_mae_sec: 11.3139[1m34/67[0m [32m━━━━━━━━━━[0m[37m━━━━━━━━━━[0m [1m45s[0m 1s/step - event_output_acc: 0.2556 - event_output_loss: 0.2462 - loss: 0.4458 - time_output_loss: 0.3959 - time_output_mae: 1.5967 - time_output_mae_sec: 11.2142[1m35/67[0m [32m━━━━━━━━━━[0m[37m━━━━━━━━━━[0m [1m43s[0m 1s/step - event_output_acc: 0.2579 - event_output_loss: 0.2479 - loss: 0.4467 - time_output_loss: 0.3942 - time_output_mae: 1.5830 - time_output_mae_sec: 11.1180[1m36/67[0m [32m━━━━━━━━━━[0m[37m━━━━━━━━━━[0m [1m42s[0m 1s/step - event_output_acc: 0.2602 - event_output_loss: 0.2496 - loss: 0.4476 - time_output_loss: 0.3925 - time_output_mae: 1.5697 - time_output_mae_sec: 11.0248[1m37/67[0m [32m━━━━━━━━━━━[0m[37m━━━━━━━━━[0m [1m41s[0m 1s/step - event_output_acc: 0.2626 - event_output_loss: 0.2515 - loss: 0.4486 - time_output_loss: 0.3909 - time_output_mae: 1.5568 - time_output_mae_sec: 10.9336[1m38/67[0m [32m━━━━━━━━━━━[0m[37m━━━━━━━━━[0m [1m39s[0m 1s/step - event_output_acc: 0.2649 - event_output_loss: 0.2533 - loss: 0.4497 - time_output_loss: 0.3894 - time_output_mae: 1.5441 - time_output_mae_sec: 10.8447[1m39/67[0m [32m━━━━━━━━━━━[0m[37m━━━━━━━━━[0m [1m38s[0m 1s/step - event_output_acc: 0.2673 - event_output_loss: 0.2552 - loss: 0.4509 - time_output_loss: 0.3880 - time_output_mae: 1.5317 - time_output_mae_sec: 10.7578[1m40/67[0m [32m━━━━━━━━━━━[0m[37m━━━━━━━━━[0m [1m37s[0m 1s/step - event_output_acc: 0.2696 - event_output_loss: 0.2571 - loss: 0.4521 - time_output_loss: 0.3867 - time_output_mae: 1.5197 - time_output_mae_sec: 10.6734[1m41/67[0m [32m━━━━━━━━━━━━[0m[37m━━━━━━━━[0m [1m35s[0m 1s/step - event_output_acc: 0.2719 - event_output_loss: 0.2590 - loss: 0.4534 - time_output_loss: 0.3854 - time_output_mae: 1.5081 - time_output_mae_sec: 10.5917[1m42/67[0m [32m━━━━━━━━━━━━[0m[37m━━━━━━━━[0m [1m34s[0m 1s/step - event_output_acc: 0.2742 - event_output_loss: 0.2610 - loss: 0.4547 - time_output_loss: 0.3842 - time_output_mae: 1.4968 - time_output_mae_sec: 10.5123[1m43/67[0m [32m━━━━━━━━━━━━[0m[37m━━━━━━━━[0m [1m32s[0m 1s/step - event_output_acc: 0.2765 - event_output_loss: 0.2629 - loss: 0.4561 - time_output_loss: 0.3831 - time_output_mae: 1.4857 - time_output_mae_sec: 10.4349[1m44/67[0m [32m━━━━━━━━━━━━━[0m[37m━━━━━━━[0m [1m31s[0m 1s/step - event_output_acc: 0.2788 - event_output_loss: 0.2649 - loss: 0.4576 - time_output_loss: 0.3820 - time_output_mae: 1.4750 - time_output_mae_sec: 10.3595[1m45/67[0m [32m━━━━━━━━━━━━━[0m[37m━━━━━━━[0m [1m30s[0m 1s/step - event_output_acc: 0.2810 - event_output_loss: 0.2669 - loss: 0.4591 - time_output_loss: 0.3810 - time_output_mae: 1.4645 - time_output_mae_sec: 10.2860[1m46/67[0m [32m━━━━━━━━━━━━━[0m[37m━━━━━━━[0m [1m28s[0m 1s/step - event_output_acc: 0.2833 - event_output_loss: 0.2690 - loss: 0.4607 - time_output_loss: 0.3801 - time_output_mae: 1.4544 - time_output_mae_sec: 10.2146[1m47/67[0m [32m━━━━━━━━━━━━━━[0m[37m━━━━━━[0m [1m27s[0m 1s/step - event_output_acc: 0.2855 - event_output_loss: 0.2710 - loss: 0.4623 - time_output_loss: 0.3792 - time_output_mae: 1.4445 - time_output_mae_sec: 10.1450[1m48/67[0m [32m━━━━━━━━━━━━━━[0m[37m━━━━━━[0m [1m26s[0m 1s/step - event_output_acc: 0.2877 - event_output_loss: 0.2731 - loss: 0.4640 - time_output_loss: 0.3784 - time_output_mae: 1.4348 - time_output_mae_sec: 10.0772[1m49/67[0m [32m━━━━━━━━━━━━━━[0m[37m━━━━━━[0m [1m24s[0m 1s/step - event_output_acc: 0.2899 - event_output_loss: 0.2752 - loss: 0.4657 - time_output_loss: 0.3777 - time_output_mae: 1.4254 - time_output_mae_sec: 10.0108[1m50/67[0m [32m━━━━━━━━━━━━━━[0m[37m━━━━━━[0m [1m23s[0m 1s/step - event_output_acc: 0.2920 - event_output_loss: 0.2774 - loss: 0.4675 - time_output_loss: 0.3769 - time_output_mae: 1.4162 - time_output_mae_sec: 9.9462 [1m51/67[0m [32m━━━━━━━━━━━━━━━[0m[37m━━━━━[0m [1m22s[0m 1s/step - event_output_acc: 0.2942 - event_output_loss: 0.2795 - loss: 0.4693 - time_output_loss: 0.3763 - time_output_mae: 1.4072 - time_output_mae_sec: 9.8832[1m52/67[0m [32m━━━━━━━━━━━━━━━[0m[37m━━━━━[0m [1m20s[0m 1s/step - event_output_acc: 0.2964 - event_output_loss: 0.2817 - loss: 0.4712 - time_output_loss: 0.3757 - time_output_mae: 1.3984 - time_output_mae_sec: 9.8217[1m53/67[0m [32m━━━━━━━━━━━━━━━[0m[37m━━━━━[0m [1m19s[0m 1s/step - event_output_acc: 0.2985 - event_output_loss: 0.2839 - loss: 0.4731 - time_output_loss: 0.3752 - time_output_mae: 1.3899 - time_output_mae_sec: 9.7614[1m54/67[0m [32m━━━━━━━━━━━━━━━━[0m[37m━━━━[0m [1m17s[0m 1s/step - event_output_acc: 0.3006 - event_output_loss: 0.2861 - loss: 0.4751 - time_output_loss: 0.3747 - time_output_mae: 1.3815 - time_output_mae_sec: 9.7026[1m55/67[0m [32m━━━━━━━━━━━━━━━━[0m[37m━━━━[0m [1m16s[0m 1s/step - event_output_acc: 0.3027 - event_output_loss: 0.2883 - loss: 0.4770 - time_output_loss: 0.3742 - time_output_mae: 1.3733 - time_output_mae_sec: 9.6454[1m56/67[0m [32m━━━━━━━━━━━━━━━━[0m[37m━━━━[0m [1m15s[0m 1s/step - event_output_acc: 0.3048 - event_output_loss: 0.2905 - loss: 0.4790 - time_output_loss: 0.3737 - time_output_mae: 1.3654 - time_output_mae_sec: 9.5894[1m57/67[0m [32m━━━━━━━━━━━━━━━━━[0m[37m━━━[0m [1m13s[0m 1s/step - event_output_acc: 0.3068 - event_output_loss: 0.2927 - loss: 0.4809 - time_output_loss: 0.3733 - time_output_mae: 1.3576 - time_output_mae_sec: 9.5347[1m58/67[0m [32m━━━━━━━━━━━━━━━━━[0m[37m━━━[0m [1m12s[0m 1s/step - event_output_acc: 0.3088 - event_output_loss: 0.2948 - loss: 0.4829 - time_output_loss: 0.3729 - time_output_mae: 1.3500 - time_output_mae_sec: 9.4813[1m59/67[0m [32m━━━━━━━━━━━━━━━━━[0m[37m━━━[0m [1m11s[0m 1s/step - event_output_acc: 0.3108 - event_output_loss: 0.2969 - loss: 0.4848 - time_output_loss: 0.3725 - time_output_mae: 1.3425 - time_output_mae_sec: 9.4290[1m60/67[0m [32m━━━━━━━━━━━━━━━━━[0m[37m━━━[0m [1m9s[0m 1s/step - event_output_acc: 0.3128 - event_output_loss: 0.2991 - loss: 0.4868 - time_output_loss: 0.3722 - time_output_mae: 1.3352 - time_output_mae_sec: 9.3779 [1m61/67[0m [32m━━━━━━━━━━━━━━━━━━[0m[37m━━[0m [1m8s[0m 1s/step - event_output_acc: 0.3148 - event_output_loss: 0.3012 - loss: 0.4887 - time_output_loss: 0.3718 - time_output_mae: 1.3281 - time_output_mae_sec: 9.3278[1m62/67[0m [32m━━━━━━━━━━━━━━━━━━[0m[37m━━[0m [1m6s[0m 1s/step - event_output_acc: 0.3168 - event_output_loss: 0.3032 - loss: 0.4906 - time_output_loss: 0.3715 - time_output_mae: 1.3211 - time_output_mae_sec: 9.2788[1m63/67[0m [32m━━━━━━━━━━━━━━━━━━[0m[37m━━[0m [1m5s[0m 1s/step - event_output_acc: 0.3187 - event_output_loss: 0.3053 - loss: 0.4924 - time_output_loss: 0.3712 - time_output_mae: 1.3143 - time_output_mae_sec: 9.2309[1m64/67[0m [32m━━━━━━━━━━━━━━━━━━━[0m[37m━[0m [1m4s[0m 1s/step - event_output_acc: 0.3207 - event_output_loss: 0.3073 - loss: 0.4943 - time_output_loss: 0.3708 - time_output_mae: 1.3076 - time_output_mae_sec: 9.1839[1m65/67[0m [32m━━━━━━━━━━━━━━━━━━━[0m[37m━[0m [1m2s[0m 1s/step - event_output_acc: 0.3226 - event_output_loss: 0.3092 - loss: 0.4961 - time_output_loss: 0.3705 - time_output_mae: 1.3011 - time_output_mae_sec: 9.1378[1m66/67[0m [32m━━━━━━━━━━━━━━━━━━━[0m[37m━[0m [1m1s[0m 1s/step - event_output_acc: 0.3245 - event_output_loss: 0.3111 - loss: 0.4979 - time_output_loss: 0.3702 - time_output_mae: 1.2946 - time_output_mae_sec: 9.0926[1m67/67[0m [32m━━━━━━━━━━━━━━━━━━━━[0m[37m[0m [1m0s[0m 1s/step - event_output_acc: 0.3264 - event_output_loss: 0.3130 - loss: 0.4996 - time_output_loss: 0.3699 - time_output_mae: 1.2883 - time_output_mae_sec: 9.0483[1m67/67[0m [32m━━━━━━━━━━━━━━━━━━━━[0m[37m[0m [1m187s[0m 2s/step - event_output_acc: 0.4519 - event_output_loss: 0.4373 - loss: 0.6132 - time_output_loss: 0.3493 - time_output_mae: 0.8724 - time_output_mae_sec: 6.1269 - val_event_output_acc: 0.6079 - val_event_output_loss: 0.2135 - val_loss: 0.2709 - val_time_output_loss: 0.1248 - val_time_output_mae: 0.6188 - val_time_output_mae_sec: 4.3461 - scheduled_sampling_p: 0.0000e+00
Epoch 2/50
[1m 1/67[0m [37m━━━━━━━━━━━━━━━━━━━━[0m [1m1:59[0m 2s/step - event_output_acc: 0.5920 - event_output_loss: 0.0857 - loss: 0.1153 - time_output_loss: 0.0575 - time_output_mae: 0.6896 - time_output_mae_sec: 4.8430[1m 2/67[0m [37m━━━━━━━━━━━━━━━━━━━━[0m [1m1:31[0m 1s/step - event_output_acc: 0.5944 - event_output_loss: 0.0853 - loss: 0.1150 - time_output_loss: 0.0577 - time_output_mae: 0.6870 - time_output_mae_sec: 4.8249[1m 3/67[0m [37m━━━━━━━━━━━━━━━━━━━━[0m [1m1:29[0m 1s/step - event_output_acc: 0.5962 - event_output_loss: 0.0849 - loss: 0.1144 - time_output_loss: 0.0574 - time_output_mae: 0.6838 - time_output_mae_sec: 4.8026[1m 4/67[0m [32m━[0m[37m━━━━━━━━━━━━━━━━━━━[0m [1m1:27[0m 1s/step - event_output_acc: 0.5977 - event_output_loss: 0.0854 - loss: 0.1149 - time_output_loss: 0.0575 - time_output_mae: 0.6800 - time_output_mae_sec: 4.7756[1m 5/67[0m [32m━[0m[37m━━━━━━━━━━━━━━━━━━━[0m [1m1:26[0m 1s/step - event_output_acc: 0.5994 - event_output_loss: 0.0864 - loss: 0.1162 - time_output_loss: 0.0579 - time_output_mae: 0.6768 - time_output_mae_sec: 4.7532[1m 6/67[0m [32m━[0m[37m━━━━━━━━━━━━━━━━━━━[0m [1m1:24[0m 1s/step - event_output_acc: 0.6011 - event_output_loss: 0.0872 - loss: 0.1172 - time_output_loss: 0.0583 - time_output_mae: 0.6745 - time_output_mae_sec: 4.7372[1m 7/67[0m [32m━━[0m[37m━━━━━━━━━━━━━━━━━━[0m [1m1:22[0m 1s/step - event_output_acc: 0.6027 - event_output_loss: 0.0880 - loss: 0.1182 - time_output_loss: 0.0587 - time_output_mae: 0.6723 - time_output_mae_sec: 4.7221[1m 8/67[0m [32m━━[0m[37m━━━━━━━━━━━━━━━━━━[0m [1m1:21[0m 1s/step - event_output_acc: 0.6041 - event_output_loss: 0.0889 - loss: 0.1193 - time_output_loss: 0.0592 - time_output_mae: 0.6704 - time_output_mae_sec: 4.7086[1m 9/67[0m [32m━━[0m[37m━━━━━━━━━━━━━━━━━━[0m [1m1:19[0m 1s/step - event_output_acc: 0.6053 - event_output_loss: 0.0898 - loss: 0.1205 - time_output_loss: 0.0597 - time_output_mae: 0.6690 - time_output_mae_sec: 4.6984[1m10/67[0m [32m━━[0m[37m━━━━━━━━━━━━━━━━━━[0m [1m1:18[0m 1s/step - event_output_acc: 0.6065 - event_output_loss: 0.0907 - loss: 0.1217 - time_output_loss: 0.0603 - time_output_mae: 0.6677 - time_output_mae_sec: 4.6897[1m11/67[0m [32m━━━[0m[37m━━━━━━━━━━━━━━━━━[0m [1m1:17[0m 1s/step - event_output_acc: 0.6076 - event_output_loss: 0.0916 - loss: 0.1229 - time_output_loss: 0.0609 - time_output_mae: 0.6665 - time_output_mae_sec: 4.6814[1m12/67[0m [32m━━━[0m[37m━━━━━━━━━━━━━━━━━[0m [1m1:15[0m 1s/step - event_output_acc: 0.6086 - event_output_loss: 0.0926 - loss: 0.1242 - time_output_loss: 0.0616 - time_output_mae: 0.6654 - time_output_mae_sec: 4.6733[1m13/67[0m [32m━━━[0m[37m━━━━━━━━━━━━━━━━━[0m [1m1:14[0m 1s/step - event_output_acc: 0.6097 - event_output_loss: 0.0935 - loss: 0.1254 - time_output_loss: 0.0622 - time_output_mae: 0.6642 - time_output_mae_sec: 4.6651[1m14/67[0m [32m━━━━[0m[37m━━━━━━━━━━━━━━━━[0m [1m1:13[0m 1s/step - event_output_acc: 0.6107 - event_output_loss: 0.0944 - loss: 0.1265 - time_output_loss: 0.0628 - time_output_mae: 0.6631 - time_output_mae_sec: 4.6568[1m15/67[0m [32m━━━━[0m[37m━━━━━━━━━━━━━━━━[0m [1m1:11[0m 1s/step - event_output_acc: 0.6116 - event_output_loss: 0.0953 - loss: 0.1277 - time_output_loss: 0.0633 - time_output_mae: 0.6619 - time_output_mae_sec: 4.6487[1m16/67[0m [32m━━━━[0m[37m━━━━━━━━━━━━━━━━[0m [1m1:10[0m 1s/step - event_output_acc: 0.6123 - event_output_loss: 0.0961 - loss: 0.1289 - time_output_loss: 0.0639 - time_output_mae: 0.6607 - time_output_mae_sec: 4.6405[1m17/67[0m [32m━━━━━[0m[37m━━━━━━━━━━━━━━━[0m [1m1:08[0m 1s/step - event_output_acc: 0.6130 - event_output_loss: 0.0971 - loss: 0.1301 - time_output_loss: 0.0645 - time_output_mae: 0.6596 - time_output_mae_sec: 4.6324[1m18/67[0m [32m━━━━━[0m[37m━━━━━━━━━━━━━━━[0m [1m1:07[0m 1s/step - event_output_acc: 0.6137 - event_output_loss: 0.0980 - loss: 0.1313 - time_output_loss: 0.0651 - time_output_mae: 0.6585 - time_output_mae_sec: 4.6245[1m19/67[0m [32m━━━━━[0m[37m━━━━━━━━━━━━━━━[0m [1m1:05[0m 1s/step - event_output_acc: 0.6144 - event_output_loss: 0.0990 - loss: 0.1326 - time_output_loss: 0.0657 - time_output_mae: 0.6573 - time_output_mae_sec: 4.6164[1m20/67[0m [32m━━━━━[0m[37m━━━━━━━━━━━━━━━[0m [1m1:04[0m 1s/step - event_output_acc: 0.6150 - event_output_loss: 0.1000 - loss: 0.1339 - time_output_loss: 0.0663 - time_output_mae: 0.6561 - time_output_mae_sec: 4.6080[1m21/67[0m [32m━━━━━━[0m[37m━━━━━━━━━━━━━━[0m [1m1:02[0m 1s/step - event_output_acc: 0.6156 - event_output_loss: 0.1010 - loss: 0.1352 - time_output_loss: 0.0669 - time_output_mae: 0.6549 - time_output_mae_sec: 4.5994[1m22/67[0m [32m━━━━━━[0m[37m━━━━━━━━━━━━━━[0m [1m1:01[0m 1s/step - event_output_acc: 0.6162 - event_output_loss: 0.1021 - loss: 0.1366 - time_output_loss: 0.0676 - time_output_mae: 0.6536 - time_output_mae_sec: 4.5906[1m23/67[0m [32m━━━━━━[0m[37m━━━━━━━━━━━━━━[0m [1m59s[0m 1s/step - event_output_acc: 0.6168 - event_output_loss: 0.1032 - loss: 0.1381 - time_output_loss: 0.0682 - time_output_mae: 0.6523 - time_output_mae_sec: 4.5815 [1m24/67[0m [32m━━━━━━━[0m[37m━━━━━━━━━━━━━[0m [1m58s[0m 1s/step - event_output_acc: 0.6173 - event_output_loss: 0.1044 - loss: 0.1396 - time_output_loss: 0.0689 - time_output_mae: 0.6510 - time_output_mae_sec: 4.5723[1m25/67[0m [32m━━━━━━━[0m[37m━━━━━━━━━━━━━[0m [1m57s[0m 1s/step - event_output_acc: 0.6179 - event_output_loss: 0.1056 - loss: 0.1411 - time_output_loss: 0.0696 - time_output_mae: 0.6497 - time_output_mae_sec: 4.5630[1m26/67[0m [32m━━━━━━━[0m[37m━━━━━━━━━━━━━[0m [1m55s[0m 1s/step - event_output_acc: 0.6184 - event_output_loss: 0.1069 - loss: 0.1427 - time_output_loss: 0.0703 - time_output_mae: 0.6484 - time_output_mae_sec: 4.5538[1m27/67[0m [32m━━━━━━━━[0m[37m━━━━━━━━━━━━[0m [1m54s[0m 1s/step - event_output_acc: 0.6188 - event_output_loss: 0.1082 - loss: 0.1444 - time_output_loss: 0.0710 - time_output_mae: 0.6471 - time_output_mae_sec: 4.5447[1m28/67[0m [32m━━━━━━━━[0m[37m━━━━━━━━━━━━[0m [1m53s[0m 1s/step - event_output_acc: 0.6193 - event_output_loss: 0.1095 - loss: 0.1461 - time_output_loss: 0.0717 - time_output_mae: 0.6458 - time_output_mae_sec: 4.5357[1m29/67[0m [32m━━━━━━━━[0m[37m━━━━━━━━━━━━[0m [1m51s[0m 1s/step - event_output_acc: 0.6197 - event_output_loss: 0.1109 - loss: 0.1478 - time_output_loss: 0.0724 - time_output_mae: 0.6445 - time_output_mae_sec: 4.5269[1m30/67[0m [32m━━━━━━━━[0m[37m━━━━━━━━━━━━[0m [1m50s[0m 1s/step - event_output_acc: 0.6201 - event_output_loss: 0.1123 - loss: 0.1496 - time_output_loss: 0.0732 - time_output_mae: 0.6433 - time_output_mae_sec: 4.5183[1m31/67[0m [32m━━━━━━━━━[0m[37m━━━━━━━━━━━[0m [1m49s[0m 1s/step - event_output_acc: 0.6205 - event_output_loss: 0.1137 - loss: 0.1514 - time_output_loss: 0.0739 - time_output_mae: 0.6421 - time_output_mae_sec: 4.5098[1m32/67[0m [32m━━━━━━━━━[0m[37m━━━━━━━━━━━[0m [1m47s[0m 1s/step - event_output_acc: 0.6209 - event_output_loss: 0.1151 - loss: 0.1532 - time_output_loss: 0.0747 - time_output_mae: 0.6409 - time_output_mae_sec: 4.5015[1m33/67[0m [32m━━━━━━━━━[0m[37m━━━━━━━━━━━[0m [1m46s[0m 1s/step - event_output_acc: 0.6212 - event_output_loss: 0.1165 - loss: 0.1550 - time_output_loss: 0.0755 - time_output_mae: 0.6398 - time_output_mae_sec: 4.4934[1m34/67[0m [32m━━━━━━━━━━[0m[37m━━━━━━━━━━[0m [1m45s[0m 1s/step - event_output_acc: 0.6216 - event_output_loss: 0.1180 - loss: 0.1568 - time_output_loss: 0.0762 - time_output_mae: 0.6387 - time_output_mae_sec: 4.4855[1m35/67[0m [32m━━━━━━━━━━[0m[37m━━━━━━━━━━[0m [1m43s[0m 1s/step - event_output_acc: 0.6219 - event_output_loss: 0.1195 - loss: 0.1587 - time_output_loss: 0.0770 - time_output_mae: 0.6375 - time_output_mae_sec: 4.4777[1m36/67[0m [32m━━━━━━━━━━[0m[37m━━━━━━━━━━[0m [1m42s[0m 1s/step - event_output_acc: 0.6222 - event_output_loss: 0.1210 - loss: 0.1606 - time_output_loss: 0.0778 - time_output_mae: 0.6365 - time_output_mae_sec: 4.4700[1m37/67[0m [32m━━━━━━━━━━━[0m[37m━━━━━━━━━[0m [1m41s[0m 1s/step - event_output_acc: 0.6226 - event_output_loss: 0.1225 - loss: 0.1625 - time_output_loss: 0.0786 - time_output_mae: 0.6354 - time_output_mae_sec: 4.4625[1m38/67[0m [32m━━━━━━━━━━━[0m[37m━━━━━━━━━[0m [1m39s[0m 1s/step - event_output_acc: 0.6229 - event_output_loss: 0.1240 - loss: 0.1644 - time_output_loss: 0.0794 - time_output_mae: 0.6343 - time_output_mae_sec: 4.4551[1m39/67[0m [32m━━━━━━━━━━━[0m[37m━━━━━━━━━[0m [1m38s[0m 1s/step - event_output_acc: 0.6231 - event_output_loss: 0.1256 - loss: 0.1664 - time_output_loss: 0.0802 - time_output_mae: 0.6333 - time_output_mae_sec: 4.4480[1m40/67[0m [32m━━━━━━━━━━━[0m[37m━━━━━━━━━[0m [1m36s[0m 1s/step - event_output_acc: 0.6234 - event_output_loss: 0.1272 - loss: 0.1684 - time_output_loss: 0.0810 - time_output_mae: 0.6323 - time_output_mae_sec: 4.4409[1m41/67[0m [32m━━━━━━━━━━━━[0m[37m━━━━━━━━[0m [1m35s[0m 1s/step - event_output_acc: 0.6237 - event_output_loss: 0.1288 - loss: 0.1704 - time_output_loss: 0.0819 - time_output_mae: 0.6313 - time_output_mae_sec: 4.4341[1m42/67[0m [32m━━━━━━━━━━━━[0m[37m━━━━━━━━[0m [1m34s[0m 1s/step - event_output_acc: 0.6239 - event_output_loss: 0.1304 - loss: 0.1725 - time_output_loss: 0.0828 - time_output_mae: 0.6304 - time_output_mae_sec: 4.4275[1m43/67[0m [32m━━━━━━━━━━━━[0m[37m━━━━━━━━[0m [1m32s[0m 1s/step - event_output_acc: 0.6242 - event_output_loss: 0.1320 - loss: 0.1745 - time_output_loss: 0.0836 - time_output_mae: 0.6295 - time_output_mae_sec: 4.4210[1m44/67[0m [32m━━━━━━━━━━━━━[0m[37m━━━━━━━[0m [1m31s[0m 1s/step - event_output_acc: 0.6244 - event_output_loss: 0.1337 - loss: 0.1767 - time_output_loss: 0.0845 - time_output_mae: 0.6285 - time_output_mae_sec: 4.4145[1m45/67[0m [32m━━━━━━━━━━━━━[0m[37m━━━━━━━[0m [1m30s[0m 1s/step - event_output_acc: 0.6246 - event_output_loss: 0.1354 - loss: 0.1788 - time_output_loss: 0.0854 - time_output_mae: 0.6276 - time_output_mae_sec: 4.4081[1m46/67[0m [32m━━━━━━━━━━━━━[0m[37m━━━━━━━[0m [1m28s[0m 1s/step - event_output_acc: 0.6248 - event_output_loss: 0.1371 - loss: 0.1810 - time_output_loss: 0.0863 - time_output_mae: 0.6268 - time_output_mae_sec: 4.4020[1m47/67[0m [32m━━━━━━━━━━━━━━[0m[37m━━━━━━[0m [1m27s[0m 1s/step - event_output_acc: 0.6250 - event_output_loss: 0.1389 - loss: 0.1832 - time_output_loss: 0.0873 - time_output_mae: 0.6259 - time_output_mae_sec: 4.3960[1m48/67[0m [32m━━━━━━━━━━━━━━[0m[37m━━━━━━[0m [1m26s[0m 1s/step - event_output_acc: 0.6252 - event_output_loss: 0.1406 - loss: 0.1854 - time_output_loss: 0.0882 - time_output_mae: 0.6251 - time_output_mae_sec: 4.3905[1m49/67[0m [32m━━━━━━━━━━━━━━[0m[37m━━━━━━[0m [1m24s[0m 1s/step - event_output_acc: 0.6253 - event_output_loss: 0.1424 - loss: 0.1877 - time_output_loss: 0.0892 - time_output_mae: 0.6245 - time_output_mae_sec: 4.3857[1m50/67[0m [32m━━━━━━━━━━━━━━[0m[37m━━━━━━[0m [1m23s[0m 1s/step - event_output_acc: 0.6255 - event_output_loss: 0.1442 - loss: 0.1900 - time_output_loss: 0.0903 - time_output_mae: 0.6240 - time_output_mae_sec: 4.3824[1m51/67[0m [32m━━━━━━━━━━━━━━━[0m[37m━━━━━[0m [1m21s[0m 1s/step - event_output_acc: 0.6257 - event_output_loss: 0.1460 - loss: 0.1923 - time_output_loss: 0.0914 - time_output_mae: 0.6235 - time_output_mae_sec: 4.3792[1m52/67[0m [32m━━━━━━━━━━━━━━━[0m[37m━━━━━[0m [1m20s[0m 1s/step - event_output_acc: 0.6258 - event_output_loss: 0.1478 - loss: 0.1947 - time_output_loss: 0.0925 - time_output_mae: 0.6231 - time_output_mae_sec: 4.3761[1m53/67[0m [32m━━━━━━━━━━━━━━━[0m[37m━━━━━[0m [1m19s[0m 1s/step - event_output_acc: 0.6260 - event_output_loss: 0.1496 - loss: 0.1971 - time_output_loss: 0.0936 - time_output_mae: 0.6227 - time_output_mae_sec: 4.3735[1m54/67[0m [32m━━━━━━━━━━━━━━━━[0m[37m━━━━[0m [1m17s[0m 1s/step - event_output_acc: 0.6261 - event_output_loss: 0.1515 - loss: 0.1994 - time_output_loss: 0.0947 - time_output_mae: 0.6224 - time_output_mae_sec: 4.3715[1m55/67[0m [32m━━━━━━━━━━━━━━━━[0m[37m━━━━[0m [1m16s[0m 1s/step - event_output_acc: 0.6262 - event_output_loss: 0.1533 - loss: 0.2018 - time_output_loss: 0.0958 - time_output_mae: 0.6221 - time_output_mae_sec: 4.3694[1m56/67[0m [32m━━━━━━━━━━━━━━━━[0m[37m━━━━[0m [1m15s[0m 1s/step - event_output_acc: 0.6263 - event_output_loss: 0.1551 - loss: 0.2042 - time_output_loss: 0.0970 - time_output_mae: 0.6218 - time_output_mae_sec: 4.3673[1m57/67[0m [32m━━━━━━━━━━━━━━━━━[0m[37m━━━[0m [1m13s[0m 1s/step - event_output_acc: 0.6264 - event_output_loss: 0.1569 - loss: 0.2066 - time_output_loss: 0.0981 - time_output_mae: 0.6215 - time_output_mae_sec: 4.3653[1m58/67[0m [32m━━━━━━━━━━━━━━━━━[0m[37m━━━[0m [1m12s[0m 1s/step - event_output_acc: 0.6266 - event_output_loss: 0.1587 - loss: 0.2089 - time_output_loss: 0.0992 - time_output_mae: 0.6212 - time_output_mae_sec: 4.3632[1m59/67[0m [32m━━━━━━━━━━━━━━━━━[0m[37m━━━[0m [1m10s[0m 1s/step - event_output_acc: 0.6267 - event_output_loss: 0.1605 - loss: 0.2113 - time_output_loss: 0.1003 - time_output_mae: 0.6209 - time_output_mae_sec: 4.3611[1m60/67[0m [32m━━━━━━━━━━━━━━━━━[0m[37m━━━[0m [1m9s[0m 1s/step - event_output_acc: 0.6268 - event_output_loss: 0.1623 - loss: 0.2136 - time_output_loss: 0.1014 - time_output_mae: 0.6207 - time_output_mae_sec: 4.3591 [1m61/67[0m [32m━━━━━━━━━━━━━━━━━━[0m[37m━━[0m [1m8s[0m 1s/step - event_output_acc: 0.6269 - event_output_loss: 0.1641 - loss: 0.2159 - time_output_loss: 0.1025 - time_output_mae: 0.6203 - time_output_mae_sec: 4.3569[1m62/67[0m [32m━━━━━━━━━━━━━━━━━━[0m[37m━━[0m [1m6s[0m 1s/step - event_output_acc: 0.6270 - event_output_loss: 0.1659 - loss: 0.2183 - time_output_loss: 0.1035 - time_output_mae: 0.6200 - time_output_mae_sec: 4.3548[1m63/67[0m [32m━━━━━━━━━━━━━━━━━━[0m[37m━━[0m [1m5s[0m 1s/step - event_output_acc: 0.6270 - event_output_loss: 0.1676 - loss: 0.2206 - time_output_loss: 0.1046 - time_output_mae: 0.6198 - time_output_mae_sec: 4.3527[1m64/67[0m [32m━━━━━━━━━━━━━━━━━━━[0m[37m━[0m [1m4s[0m 1s/step - event_output_acc: 0.6271 - event_output_loss: 0.1694 - loss: 0.2228 - time_output_loss: 0.1057 - time_output_mae: 0.6194 - time_output_mae_sec: 4.3505[1m65/67[0m [32m━━━━━━━━━━━━━━━━━━━[0m[37m━[0m [1m2s[0m 1s/step - event_output_acc: 0.6272 - event_output_loss: 0.1712 - loss: 0.2251 - time_output_loss: 0.1067 - time_output_mae: 0.6191 - time_output_mae_sec: 4.3483[1m66/67[0m [32m━━━━━━━━━━━━━━━━━━━[0m[37m━[0m [1m1s[0m 1s/step - event_output_acc: 0.6273 - event_output_loss: 0.1729 - loss: 0.2274 - time_output_loss: 0.1078 - time_output_mae: 0.6188 - time_output_mae_sec: 4.3461[1m67/67[0m [32m━━━━━━━━━━━━━━━━━━━━[0m[37m[0m [1m0s[0m 1s/step - event_output_acc: 0.6274 - event_output_loss: 0.1746 - loss: 0.2296 - time_output_loss: 0.1088 - time_output_mae: 0.6185 - time_output_mae_sec: 4.3439[1m67/67[0m [32m━━━━━━━━━━━━━━━━━━━━[0m[37m[0m [1m103s[0m 2s/step - event_output_acc: 0.6322 - event_output_loss: 0.2884 - loss: 0.3763 - time_output_loss: 0.1762 - time_output_mae: 0.5974 - time_output_mae_sec: 4.1959 - val_event_output_acc: 0.6344 - val_event_output_loss: 0.1889 - val_loss: 0.2367 - val_time_output_loss: 0.1056 - val_time_output_mae: 0.5506 - val_time_output_mae_sec: 3.8669 - scheduled_sampling_p: 0.0000e+00
Epoch 3/50
[1m 1/67[0m [37m━━━━━━━━━━━━━━━━━━━━[0m [1m1:52[0m 2s/step - event_output_acc: 0.6304 - event_output_loss: 0.0695 - loss: 0.0917 - time_output_loss: 0.0440 - time_output_mae: 0.6177 - time_output_mae_sec: 4.3384[1m 2/67[0m [37m━━━━━━━━━━━━━━━━━━━━[0m [1m1:27[0m 1s/step - event_output_acc: 0.6324 - event_output_loss: 0.0713 - loss: 0.0941 - time_output_loss: 0.0454 - time_output_mae: 0.6212 - time_output_mae_sec: 4.3629[1m 3/67[0m [37m━━━━━━━━━━━━━━━━━━━━[0m [1m1:28[0m 1s/step - event_output_acc: 0.6320 - event_output_loss: 0.0722 - loss: 0.0952 - time_output_loss: 0.0459 - time_output_mae: 0.6215 - time_output_mae_sec: 4.3647[1m 4/67[0m [32m━[0m[37m━━━━━━━━━━━━━━━━━━━[0m [1m1:28[0m 1s/step - event_output_acc: 0.6319 - event_output_loss: 0.0736 - loss: 0.0970 - time_output_loss: 0.0466 - time_output_mae: 0.6185 - time_output_mae_sec: 4.3440[1m 5/67[0m [32m━[0m[37m━━━━━━━━━━━━━━━━━━━[0m [1m1:27[0m 1s/step - event_output_acc: 0.6320 - event_output_loss: 0.0747 - loss: 0.0984 - time_output_loss: 0.0471 - time_output_mae: 0.6144 - time_output_mae_sec: 4.3150[1m 6/67[0m [32m━[0m[37m━━━━━━━━━━━━━━━━━━━[0m [1m1:25[0m 1s/step - event_output_acc: 0.6324 - event_output_loss: 0.0759 - loss: 0.0999 - time_output_loss: 0.0477 - time_output_mae: 0.6106 - time_output_mae_sec: 4.2887[1m 7/67[0m [32m━━[0m[37m━━━━━━━━━━━━━━━━━━[0m [1m1:23[0m 1s/step - event_output_acc: 0.6325 - event_output_loss: 0.0770 - loss: 0.1012 - time_output_loss: 0.0482 - time_output_mae: 0.6077 - time_output_mae_sec: 4.2677[1m 8/67[0m [32m━━[0m[37m━━━━━━━━━━━━━━━━━━[0m [1m1:21[0m 1s/step - event_output_acc: 0.6326 - event_output_loss: 0.0781 - loss: 0.1025 - time_output_loss: 0.0487 - time_output_mae: 0.6050 - time_output_mae_sec: 4.2489[1m 9/67[0m [32m━━[0m[37m━━━━━━━━━━━━━━━━━━[0m [1m1:20[0m 1s/step - event_output_acc: 0.6327 - event_output_loss: 0.0792 - loss: 0.1039 - time_output_loss: 0.0493 - time_output_mae: 0.6027 - time_output_mae_sec: 4.2329[1m10/67[0m [32m━━[0m[37m━━━━━━━━━━━━━━━━━━[0m [1m1:18[0m 1s/step - event_output_acc: 0.6327 - event_output_loss: 0.0803 - loss: 0.1054 - time_output_loss: 0.0499 - time_output_mae: 0.6008 - time_output_mae_sec: 4.2196[1m11/67[0m [32m━━━[0m[37m━━━━━━━━━━━━━━━━━[0m [1m1:16[0m 1s/step - event_output_acc: 0.6327 - event_output_loss: 0.0814 - loss: 0.1068 - time_output_loss: 0.0505 - time_output_mae: 0.5992 - time_output_mae_sec: 4.2081[1m12/67[0m [32m━━━[0m[37m━━━━━━━━━━━━━━━━━[0m [1m1:15[0m 1s/step - event_output_acc: 0.6327 - event_output_loss: 0.0826 - loss: 0.1082 - time_output_loss: 0.0511 - time_output_mae: 0.5976 - time_output_mae_sec: 4.1973[1m13/67[0m [32m━━━[0m[37m━━━━━━━━━━━━━━━━━[0m [1m1:13[0m 1s/step - event_output_acc: 0.6327 - event_output_loss: 0.0837 - loss: 0.1096 - time_output_loss: 0.0517 - time_output_mae: 0.5963 - time_output_mae_sec: 4.1881[1m14/67[0m [32m━━━━[0m[37m━━━━━━━━━━━━━━━━[0m [1m1:12[0m 1s/step - event_output_acc: 0.6326 - event_output_loss: 0.0847 - loss: 0.1109 - time_output_loss: 0.0522 - time_output_mae: 0.5951 - time_output_mae_sec: 4.1795[1m15/67[0m [32m━━━━[0m[37m━━━━━━━━━━━━━━━━[0m [1m1:11[0m 1s/step - event_output_acc: 0.6326 - event_output_loss: 0.0858 - loss: 0.1123 - time_output_loss: 0.0528 - time_output_mae: 0.5939 - time_output_mae_sec: 4.1709[1m16/67[0m [32m━━━━[0m[37m━━━━━━━━━━━━━━━━[0m [1m1:09[0m 1s/step - event_output_acc: 0.6327 - event_output_loss: 0.0869 - loss: 0.1136 - time_output_loss: 0.0533 - time_output_mae: 0.5927 - time_output_mae_sec: 4.1630[1m17/67[0m [32m━━━━━[0m[37m━━━━━━━━━━━━━━━[0m [1m1:08[0m 1s/step - event_output_acc: 0.6327 - event_output_loss: 0.0880 - loss: 0.1150 - time_output_loss: 0.0539 - time_output_mae: 0.5917 - time_output_mae_sec: 4.1555[1m18/67[0m [32m━━━━━[0m[37m━━━━━━━━━━━━━━━[0m [1m1:07[0m 1s/step - event_output_acc: 0.6327 - event_output_loss: 0.0891 - loss: 0.1164 - time_output_loss: 0.0545 - time_output_mae: 0.5907 - time_output_mae_sec: 4.1484[1m19/67[0m [32m━━━━━[0m[37m━━━━━━━━━━━━━━━[0m [1m1:06[0m 1s/step - event_output_acc: 0.6327 - event_output_loss: 0.0902 - loss: 0.1178 - time_output_loss: 0.0551 - time_output_mae: 0.5896 - time_output_mae_sec: 4.1412[1m20/67[0m [32m━━━━━[0m[37m━━━━━━━━━━━━━━━[0m [1m1:04[0m 1s/step - event_output_acc: 0.6328 - event_output_loss: 0.0913 - loss: 0.1193 - time_output_loss: 0.0556 - time_output_mae: 0.5886 - time_output_mae_sec: 4.1338[1m21/67[0m [32m━━━━━━[0m[37m━━━━━━━━━━━━━━[0m [1m1:03[0m 1s/step - event_output_acc: 0.6328 - event_output_loss: 0.0926 - loss: 0.1208 - time_output_loss: 0.0563 - time_output_mae: 0.5875 - time_output_mae_sec: 4.1260[1m22/67[0m [32m━━━━━━[0m[37m━━━━━━━━━━━━━━[0m [1m1:01[0m 1s/step - event_output_acc: 0.6329 - event_output_loss: 0.0938 - loss: 0.1223 - time_output_loss: 0.0569 - time_output_mae: 0.5864 - time_output_mae_sec: 4.1184[1m23/67[0m [32m━━━━━━[0m[37m━━━━━━━━━━━━━━[0m [1m1:00[0m 1s/step - event_output_acc: 0.6330 - event_output_loss: 0.0951 - loss: 0.1239 - time_output_loss: 0.0575 - time_output_mae: 0.5853 - time_output_mae_sec: 4.1109[1m24/67[0m [32m━━━━━━━[0m[37m━━━━━━━━━━━━━[0m [1m59s[0m 1s/step - event_output_acc: 0.6331 - event_output_loss: 0.0964 - loss: 0.1256 - time_output_loss: 0.0582 - time_output_mae: 0.5843 - time_output_mae_sec: 4.1037 [1m25/67[0m [32m━━━━━━━[0m[37m━━━━━━━━━━━━━[0m [1m57s[0m 1s/step - event_output_acc: 0.6332 - event_output_loss: 0.0977 - loss: 0.1272 - time_output_loss: 0.0588 - time_output_mae: 0.5833 - time_output_mae_sec: 4.0968[1m26/67[0m [32m━━━━━━━[0m[37m━━━━━━━━━━━━━[0m [1m56s[0m 1s/step - event_output_acc: 0.6332 - event_output_loss: 0.0991 - loss: 0.1289 - time_output_loss: 0.0595 - time_output_mae: 0.5824 - time_output_mae_sec: 4.0901[1m27/67[0m [32m━━━━━━━━[0m[37m━━━━━━━━━━━━[0m [1m55s[0m 1s/step - event_output_acc: 0.6333 - event_output_loss: 0.1004 - loss: 0.1306 - time_output_loss: 0.0602 - time_output_mae: 0.5814 - time_output_mae_sec: 4.0837[1m28/67[0m [32m━━━━━━━━[0m[37m━━━━━━━━━━━━[0m [1m53s[0m 1s/step - event_output_acc: 0.6334 - event_output_loss: 0.1018 - loss: 0.1323 - time_output_loss: 0.0609 - time_output_mae: 0.5806 - time_output_mae_sec: 4.0775[1m29/67[0m [32m━━━━━━━━[0m[37m━━━━━━━━━━━━[0m [1m52s[0m 1s/step - event_output_acc: 0.6334 - event_output_loss: 0.1032 - loss: 0.1341 - time_output_loss: 0.0616 - time_output_mae: 0.5797 - time_output_mae_sec: 4.0716[1m30/67[0m [32m━━━━━━━━[0m[37m━━━━━━━━━━━━[0m [1m51s[0m 1s/step - event_output_acc: 0.6335 - event_output_loss: 0.1046 - loss: 0.1358 - time_output_loss: 0.0623 - time_output_mae: 0.5789 - time_output_mae_sec: 4.0657[1m31/67[0m [32m━━━━━━━━━[0m[37m━━━━━━━━━━━[0m [1m49s[0m 1s/step - event_output_acc: 0.6336 - event_output_loss: 0.1061 - loss: 0.1376 - time_output_loss: 0.0630 - time_output_mae: 0.5780 - time_output_mae_sec: 4.0598[1m32/67[0m [32m━━━━━━━━━[0m[37m━━━━━━━━━━━[0m [1m48s[0m 1s/step - event_output_acc: 0.6336 - event_output_loss: 0.1075 - loss: 0.1395 - time_output_loss: 0.0637 - time_output_mae: 0.5772 - time_output_mae_sec: 4.0542[1m33/67[0m [32m━━━━━━━━━[0m[37m━━━━━━━━━━━[0m [1m47s[0m 1s/step - event_output_acc: 0.6337 - event_output_loss: 0.1090 - loss: 0.1413 - time_output_loss: 0.0645 - time_output_mae: 0.5765 - time_output_mae_sec: 4.0488[1m34/67[0m [32m━━━━━━━━━━[0m[37m━━━━━━━━━━[0m [1m45s[0m 1s/step - event_output_acc: 0.6338 - event_output_loss: 0.1105 - loss: 0.1432 - time_output_loss: 0.0652 - time_output_mae: 0.5757 - time_output_mae_sec: 4.0435[1m35/67[0m [32m━━━━━━━━━━[0m[37m━━━━━━━━━━[0m [1m44s[0m 1s/step - event_output_acc: 0.6338 - event_output_loss: 0.1120 - loss: 0.1451 - time_output_loss: 0.0660 - time_output_mae: 0.5750 - time_output_mae_sec: 4.0383[1m36/67[0m [32m━━━━━━━━━━[0m[37m━━━━━━━━━━[0m [1m42s[0m 1s/step - event_output_acc: 0.6339 - event_output_loss: 0.1136 - loss: 0.1471 - time_output_loss: 0.0668 - time_output_mae: 0.5742 - time_output_mae_sec: 4.0331[1m37/67[0m [32m━━━━━━━━━━━[0m[37m━━━━━━━━━[0m [1m41s[0m 1s/step - event_output_acc: 0.6339 - event_output_loss: 0.1152 - loss: 0.1491 - time_output_loss: 0.0676 - time_output_mae: 0.5735 - time_output_mae_sec: 4.0281[1m38/67[0m [32m━━━━━━━━━━━[0m[37m━━━━━━━━━[0m [1m40s[0m 1s/step - event_output_acc: 0.6340 - event_output_loss: 0.1169 - loss: 0.1511 - time_output_loss: 0.0684 - time_output_mae: 0.5728 - time_output_mae_sec: 4.0232[1m39/67[0m [32m━━━━━━━━━━━[0m[37m━━━━━━━━━[0m [1m38s[0m 1s/step - event_output_acc: 0.6340 - event_output_loss: 0.1185 - loss: 0.1532 - time_output_loss: 0.0692 - time_output_mae: 0.5721 - time_output_mae_sec: 4.0184[1m40/67[0m [32m━━━━━━━━━━━[0m[37m━━━━━━━━━[0m [1m37s[0m 1s/step - event_output_acc: 0.6340 - event_output_loss: 0.1202 - loss: 0.1553 - time_output_loss: 0.0701 - time_output_mae: 0.5715 - time_output_mae_sec: 4.0138[1m41/67[0m [32m━━━━━━━━━━━━[0m[37m━━━━━━━━[0m [1m36s[0m 1s/step - event_output_acc: 0.6341 - event_output_loss: 0.1219 - loss: 0.1575 - time_output_loss: 0.0709 - time_output_mae: 0.5709 - time_output_mae_sec: 4.0093[1m42/67[0m [32m━━━━━━━━━━━━[0m[37m━━━━━━━━[0m [1m34s[0m 1s/step - event_output_acc: 0.6341 - event_output_loss: 0.1236 - loss: 0.1596 - time_output_loss: 0.0718 - time_output_mae: 0.5703 - time_output_mae_sec: 4.0051[1m43/67[0m [32m━━━━━━━━━━━━[0m[37m━━━━━━━━[0m [1m33s[0m 1s/step - event_output_acc: 0.6341 - event_output_loss: 0.1254 - loss: 0.1618 - time_output_loss: 0.0727 - time_output_mae: 0.5697 - time_output_mae_sec: 4.0009[1m44/67[0m [32m━━━━━━━━━━━━━[0m[37m━━━━━━━[0m [1m31s[0m 1s/step - event_output_acc: 0.6342 - event_output_loss: 0.1271 - loss: 0.1639 - time_output_loss: 0.0735 - time_output_mae: 0.5691 - time_output_mae_sec: 3.9969[1m45/67[0m [32m━━━━━━━━━━━━━[0m[37m━━━━━━━[0m [1m30s[0m 1s/step - event_output_acc: 0.6342 - event_output_loss: 0.1288 - loss: 0.1661 - time_output_loss: 0.0744 - time_output_mae: 0.5686 - time_output_mae_sec: 3.9931[1m46/67[0m [32m━━━━━━━━━━━━━[0m[37m━━━━━━━[0m [1m29s[0m 1s/step - event_output_acc: 0.6342 - event_output_loss: 0.1305 - loss: 0.1682 - time_output_loss: 0.0753 - time_output_mae: 0.5680 - time_output_mae_sec: 3.9894[1m47/67[0m [32m━━━━━━━━━━━━━━[0m[37m━━━━━━[0m [1m27s[0m 1s/step - event_output_acc: 0.6343 - event_output_loss: 0.1323 - loss: 0.1704 - time_output_loss: 0.0762 - time_output_mae: 0.5675 - time_output_mae_sec: 3.9858[1m48/67[0m [32m━━━━━━━━━━━━━━[0m[37m━━━━━━[0m [1m26s[0m 1s/step - event_output_acc: 0.6343 - event_output_loss: 0.1340 - loss: 0.1727 - time_output_loss: 0.0771 - time_output_mae: 0.5670 - time_output_mae_sec: 3.9824[1m49/67[0m [32m━━━━━━━━━━━━━━[0m[37m━━━━━━[0m [1m25s[0m 1s/step - event_output_acc: 0.6343 - event_output_loss: 0.1358 - loss: 0.1749 - time_output_loss: 0.0780 - time_output_mae: 0.5665 - time_output_mae_sec: 3.9790[1m50/67[0m [32m━━━━━━━━━━━━━━[0m[37m━━━━━━[0m [1m23s[0m 1s/step - event_output_acc: 0.6343 - event_output_loss: 0.1376 - loss: 0.1772 - time_output_loss: 0.0790 - time_output_mae: 0.5661 - time_output_mae_sec: 3.9758[1m51/67[0m [32m━━━━━━━━━━━━━━━[0m[37m━━━━━[0m [1m22s[0m 1s/step - event_output_acc: 0.6343 - event_output_loss: 0.1394 - loss: 0.1795 - time_output_loss: 0.0799 - time_output_mae: 0.5656 - time_output_mae_sec: 3.9726[1m52/67[0m [32m━━━━━━━━━━━━━━━[0m[37m━━━━━[0m [1m20s[0m 1s/step - event_output_acc: 0.6343 - event_output_loss: 0.1413 - loss: 0.1818 - time_output_loss: 0.0808 - time_output_mae: 0.5652 - time_output_mae_sec: 3.9695[1m53/67[0m [32m━━━━━━━━━━━━━━━[0m[37m━━━━━[0m [1m19s[0m 1s/step - event_output_acc: 0.6344 - event_output_loss: 0.1431 - loss: 0.1841 - time_output_loss: 0.0818 - time_output_mae: 0.5647 - time_output_mae_sec: 3.9664[1m54/67[0m [32m━━━━━━━━━━━━━━━━[0m[37m━━━━[0m [1m18s[0m 1s/step - event_output_acc: 0.6344 - event_output_loss: 0.1449 - loss: 0.1864 - time_output_loss: 0.0827 - time_output_mae: 0.5643 - time_output_mae_sec: 3.9634[1m55/67[0m [32m━━━━━━━━━━━━━━━━[0m[37m━━━━[0m [1m16s[0m 1s/step - event_output_acc: 0.6344 - event_output_loss: 0.1468 - loss: 0.1887 - time_output_loss: 0.0837 - time_output_mae: 0.5639 - time_output_mae_sec: 3.9604[1m56/67[0m [32m━━━━━━━━━━━━━━━━[0m[37m━━━━[0m [1m15s[0m 1s/step - event_output_acc: 0.6344 - event_output_loss: 0.1486 - loss: 0.1910 - time_output_loss: 0.0846 - time_output_mae: 0.5635 - time_output_mae_sec: 3.9575[1m57/67[0m [32m━━━━━━━━━━━━━━━━━[0m[37m━━━[0m [1m13s[0m 1s/step - event_output_acc: 0.6344 - event_output_loss: 0.1504 - loss: 0.1933 - time_output_loss: 0.0855 - time_output_mae: 0.5631 - time_output_mae_sec: 3.9547[1m58/67[0m [32m━━━━━━━━━━━━━━━━━[0m[37m━━━[0m [1m12s[0m 1s/step - event_output_acc: 0.6344 - event_output_loss: 0.1522 - loss: 0.1955 - time_output_loss: 0.0865 - time_output_mae: 0.5627 - time_output_mae_sec: 3.9520[1m59/67[0m [32m━━━━━━━━━━━━━━━━━[0m[37m━━━[0m [1m11s[0m 1s/step - event_output_acc: 0.6344 - event_output_loss: 0.1540 - loss: 0.1978 - time_output_loss: 0.0874 - time_output_mae: 0.5623 - time_output_mae_sec: 3.9494[1m60/67[0m [32m━━━━━━━━━━━━━━━━━[0m[37m━━━[0m [1m9s[0m 1s/step - event_output_acc: 0.6344 - event_output_loss: 0.1558 - loss: 0.2001 - time_output_loss: 0.0883 - time_output_mae: 0.5620 - time_output_mae_sec: 3.9468 [1m61/67[0m [32m━━━━━━━━━━━━━━━━━━[0m[37m━━[0m [1m8s[0m 1s/step - event_output_acc: 0.6343 - event_output_loss: 0.1576 - loss: 0.2023 - time_output_loss: 0.0893 - time_output_mae: 0.5616 - time_output_mae_sec: 3.9443[1m62/67[0m [32m━━━━━━━━━━━━━━━━━━[0m[37m━━[0m [1m6s[0m 1s/step - event_output_acc: 0.6343 - event_output_loss: 0.1594 - loss: 0.2046 - time_output_loss: 0.0902 - time_output_mae: 0.5613 - time_output_mae_sec: 3.9419[1m63/67[0m [32m━━━━━━━━━━━━━━━━━━[0m[37m━━[0m [1m5s[0m 1s/step - event_output_acc: 0.6343 - event_output_loss: 0.1612 - loss: 0.2068 - time_output_loss: 0.0911 - time_output_mae: 0.5609 - time_output_mae_sec: 3.9395[1m64/67[0m [32m━━━━━━━━━━━━━━━━━━━[0m[37m━[0m [1m4s[0m 1s/step - event_output_acc: 0.6343 - event_output_loss: 0.1629 - loss: 0.2090 - time_output_loss: 0.0920 - time_output_mae: 0.5606 - time_output_mae_sec: 3.9371[1m65/67[0m [32m━━━━━━━━━━━━━━━━━━━[0m[37m━[0m [1m2s[0m 1s/step - event_output_acc: 0.6343 - event_output_loss: 0.1647 - loss: 0.2112 - time_output_loss: 0.0929 - time_output_mae: 0.5602 - time_output_mae_sec: 3.9348[1m66/67[0m [32m━━━━━━━━━━━━━━━━━━━[0m[37m━[0m [1m1s[0m 1s/step - event_output_acc: 0.6343 - event_output_loss: 0.1664 - loss: 0.2133 - time_output_loss: 0.0938 - time_output_mae: 0.5599 - time_output_mae_sec: 3.9326[1m67/67[0m [32m━━━━━━━━━━━━━━━━━━━━[0m[37m[0m [1m0s[0m 1s/step - event_output_acc: 0.6343 - event_output_loss: 0.1681 - loss: 0.2155 - time_output_loss: 0.0947 - time_output_mae: 0.5596 - time_output_mae_sec: 3.9304